ClubID,Name,Ligue,Zip,City,Outdoor,Indoor,Players,Players-1AN,Teams,Teams-1AN,School?
05220700,SAINT BRIEUC AS MINISTERE AGRICULTURE,COTES D'ARMOR,22000,ST BRIEUC,0,0,6,6,0,0,Non
05220414,LANVALLAY TC DU GD LANVALLAY,COTES D'ARMOR,22100,LANVALLAY,0,1,148,123,20,22,Non
05220539,LEHON TC LA LEHONNAISE,COTES D'ARMOR,22100,LEHON,1,4,191,216,14,27,Oui
05220691,QUEVERT TENNIS CLUB QUEVERTOIS,COTES D'ARMOR,22100,QUEVERT,1,0,15,15,2,2,Oui
05220697,TENNIS CLUB TADEN DINAN,COTES D'ARMOR,22100,TADEN,1,5,241,306,20,25,Oui
05220151,ROSTRENEN TENNIS CLUB,COTES D'ARMOR,22110,ROSTRENEN,2,2,110,139,7,8,Oui
05220664,POMMERET AS TENNIS,COTES D'ARMOR,22120,POMMERET,0,1,32,45,5,6,Oui
05220626,QUESSOY TENNIS CLUB,COTES D'ARMOR,22120,QUESSOY,0,2,51,68,8,13,Oui
05220568,HILLION-YFFINIAC TC ,COTES D'ARMOR,22120,YFFINIAC,2,2,122,134,14,21,Oui
05220623,PLUDUNO UT3C ,COTES D'ARMOR,22130,CREHEN,1,2,5,10,1,1,Non
05220148,PLANCOET TENNIS CLUB,COTES D'ARMOR,22130,PLANCOET,2,2,199,207,16,20,Oui
05220355,BEGARD AMICALE LAIQUE,COTES D'ARMOR,22140,BEGARD,2,3,132,158,13,14,Oui
05220260,SAPINIERE TENNIS CLUB,COTES D'ARMOR,22170,SAINT JEAN KERDANIEL,2,3,42,50,4,4,Oui
05220215,PLERIN TENNIS CLUB,COTES D'ARMOR,22190,PLERIN,0,4,347,414,26,29,Oui
05220106,SAINT BRIEUC ASPTT,COTES D'ARMOR,22193,PLERIN CEDEX,0,2,109,108,14,17,Oui
05220595,GRACES TENNIS CLUB,COTES D'ARMOR,22200,GRACES,1,1,66,62,3,3,Oui
05220002,GUINGAMP TENNIS CLUB,COTES D'ARMOR,22200,GUINGAMP,0,2,96,117,7,6,Oui
05220701,PLOUISY TENNIS CLUB PLOUISYEN,COTES D'ARMOR,22200,PLOUISY,1,1,20,20,3,4,Oui
05220401,POMMERIT AT POMMERITAIN,COTES D'ARMOR,22200,POMMERIT LE VICOMTE,1,1,25,28,1,1,Oui
05220454,ST AGATHON/PABU ENTENTE TENNIS ,COTES D'ARMOR,22200,ST AGATHON,0,3,240,221,17,21,Oui
05220449,TREGUIER TREGOR T.C.,COTES D'ARMOR,22220,TREGUIER,2,1,214,199,19,19,Oui
05220424,MERDRIGNAC CS,COTES D'ARMOR,22230,MERDRIGNAC,1,1,42,47,6,7,Non
05220239,FREHEL TENNIS CLUB,COTES D'ARMOR,22240,FREHEL,8,1,19,18,2,2,Oui
05220696,SABLES D'OR LES PINS TENNIS CLUB,COTES D'ARMOR,22240,FREHEL,7,0,0,0,0,0,Non
05220218,BROONS TENNIS CLUB,COTES D'ARMOR,22250,BROONS,2,1,160,151,13,14,Oui
05220532,TRIEUX ASL Tennis Intercommunal,COTES D'ARMOR,22260,PONTRIEUX,0,3,90,91,9,8,Oui
05220486,LANVOLLON- GOUDELIN T.C.DU LEFF,COTES D'ARMOR,22290,LANVOLLON,3,2,67,70,5,8,Oui
05220214,LANNION TENNIS  ,COTES D'ARMOR,22300,LANNION,0,6,512,537,37,47,Oui
05220699,LANNION AS UNIVERSITAIRE,COTES D'ARMOR,22300,LANNION,0,0,5,5,2,3,Non
05220702,PLOULEC'H TC,COTES D'ARMOR,22300,PLOULEC'H,0,1,33,32,1,3,Non
05220451,PLOUMILLIAU A.S.,COTES D'ARMOR,22300,PLOUMILLIAU,1,0,38,41,5,6,Non
05220091,LANNION A.S.A.C. TREGOR,COTES D'ARMOR,22304,LANNION CEDEX,2,1,26,22,4,5,Non
05220209,PLESTIN LES GREVES TENNIS CLUB,COTES D'ARMOR,22310,PLESTIN LES GREVES,3,0,37,39,4,4,Oui
05220485,ARGUENON-MENE TENNIS CLUB,COTES D'ARMOR,22330,LE GOURAY,0,0,90,96,9,15,Oui
05220404,LANGUEUX TENNIS CLUB,COTES D'ARMOR,22360,LANGUEUX,2,3,294,268,24,23,Oui
05220013,LE VAL ANDRE TC AMIRAUTE,COTES D'ARMOR,22370,PLENEUF VAL ANDRE,12,2,129,130,9,13,Oui
05220011,SAINT CAST TENNIS CLUB,COTES D'ARMOR,22380,SAINT CAST,8,1,91,121,8,6,Oui
05220354,BOURBRIAC TENNIS CLUB,COTES D'ARMOR,22390,BOURBRIAC,1,2,37,38,3,3,Oui
05220236,LAMBALLE TENNIS CLUB,COTES D'ARMOR,22400,LAMBALLE,1,3,343,311,29,30,Oui
05220698,LANDEHEN ASSOCIATION TENNIS,COTES D'ARMOR,22400,LANDEHEN,1,1,57,61,12,15,Non
05220695,SAINT-QUAY-PORTRIEUX TENNIS CLUB ,COTES D'ARMOR,22410,ST QUAY PORTRIEUX,7,1,74,113,4,6,Oui
05220500,ERQUY TC,COTES D'ARMOR,22430,ERQUY,6,2,114,112,11,20,Oui
05220140,PLOUFRAGAN TENNIS CLUB ,COTES D'ARMOR,22440,PLOUFRAGAN,0,5,195,200,18,22,Oui
05220570,SAINT BRIEUC A T GRIFFON,COTES D'ARMOR,22440,PLOUFRAGAN,2,4,321,361,21,46,Oui
05220510,PLOUEZEC TENNIS CLUB,COTES D'ARMOR,22470,PLOUEZEC,0,1,95,85,11,9,Oui
05220263,PLOUER STADE PLOUERAIS ,COTES D'ARMOR,22490,PLOUER SUR RANCE,0,3,289,305,19,27,Oui
05220005,PAIMPOL TENNIS CLUB ,COTES D'ARMOR,22500,PAIMPOL,4,2,240,265,26,32,Oui
05220583,BREHAND ST TRIMOEL US,COTES D'ARMOR,22510,BREHAND,0,0,21,20,2,3,Non
05220254,MUR DE BRETAGNE T.C.,COTES D'ARMOR,22530,MUR DE BRETAGNE,1,1,23,16,1,1,Non
05220189,MATIGNON US TENNIS,COTES D'ARMOR,22550,MATIGNON,3,2,74,76,8,12,Oui
05220288,PLEUMEUR BODOU ASS. TENNIS,COTES D'ARMOR,22560,PLEUMEUR BODOU,1,2,81,88,9,11,Oui
05220012,TREBEURDEN TENNIS CLUB,COTES D'ARMOR,22560,TREBEURDEN,4,0,4,17,0,0,Non
05220550,TREBEURDEN SPORTING CLUB DE TENNIS,COTES D'ARMOR,22560,TREBEURDEN,1,1,83,100,10,11,Oui
05220392,PLOUHA TENNIS CLUB,COTES D'ARMOR,22580,PLOUHA,2,1,94,94,7,10,Non
05220365,PORDIC TENNIS CLUB,COTES D'ARMOR,22590,PORDIC,2,1,180,161,8,7,Oui
05220693,LIE TENNIS INTERCOMMUNAL,COTES D'ARMOR,22600,LA MOTTE,0,0,44,51,1,2,Non
05220004,LOUDEAC ASSOCIATION TENNIS,COTES D'ARMOR,22600,LOUDEAC,0,3,149,165,17,22,Oui
05220097,ETABLES SUR MER TENNIS CLUB,COTES D'ARMOR,22680,ETABLES SUR MER,4,2,170,150,19,26,Oui
05220309,LOUANNEC TENNIS CLUB,COTES D'ARMOR,22700,LOUANNEC,3,1,86,101,7,9,Oui
05220398,PERROS-GUIREC TENNIS CLUB,COTES D'ARMOR,22700,PERROS GUIREC,4,4,196,188,28,34,Oui
05220393,PENVENAN ASSOCIATION TENNIS ,COTES D'ARMOR,22710,PENVENAN,2,2,101,109,9,11,Oui
05220264,TREGASTEL TENNIS CLUB,COTES D'ARMOR,22730,TREGASTEL,5,1,102,107,10,9,Oui
05220582,LEZARDRIEUX TC,COTES D'ARMOR,22740,LEZARDRIEUX,1,0,13,15,1,0,Non
05220010,QUINTIN TENNIS CLUB ,COTES D'ARMOR,22800,QUINTIN,3,2,11,0,0,0,Oui
05220240,PLAINTEL TENNIS CLUB,COTES D'ARMOR,22940,PLAINTEL,0,1,107,140,13,12,Oui
05220692,TREGUEUX ASSOCIATION TENNIS ,COTES D'ARMOR,22950,TREGUEUX,0,2,83,100,12,17,Oui
05220574,PLEDRAN C.S.,COTES D'ARMOR,22960,PLEDRAN,0,2,128,118,6,6,Oui
05220694,PLELAN LE PETIT TENNIS CLUB ,COTES D'ARMOR,22980,PLELAN LE PETIT,2,0,0,23,0,2,Oui
05290026,QUIMPER TENNIS COMPETITION ,FINISTERE,29000,QUIMPER,3,6,480,464,31,44,Oui
05290677,QUIMPER AMICALE SPORTIVE DES COMMUNAUX,FINISTERE,29000,QUIMPER,3,6,14,18,1,4,Non
05290684,AS LIKES Quimper,FINISTERE,29000,QUIMPER,1,1,0,0,1,0,Non
05290139,DOUARNENEZ TENNIS BAIE ,FINISTERE,29100,DOUARNENEZ,4,2,160,174,10,29,Oui
05290121,PONT L'ABBE TENNIS CLUB ,FINISTERE,29120,PONT L'ABBE,2,4,258,309,36,38,Oui
05290480,REDENE TENNIS CLUB ,FINISTERE,29130,REDENE,1,0,40,56,6,8,Oui
05290104,ROSPORDEN TENNIS CLUB ,FINISTERE,29140,ROSPORDEN,2,2,107,104,18,21,Oui
05290032,CHATEAULIN TENNIS CLUB,FINISTERE,29150,CHATEAULIN,0,1,47,46,8,10,Oui
05290682,CENTRE NAUTIQUE CROZON MORGAT Section Tennis ,FINISTERE,29160,CROZON,2,2,110,94,7,0,Non
05290098,FOUESNANT TENNIS CLUB  ,FINISTERE,29170,FOUESNANT,7,3,256,265,18,23,Oui
05290370,GUENGAT PLOGONNEC ASSOCIATION TENNIS  ,FINISTERE,29180,GUENGAT,2,2,91,76,9,13,Oui
05290175,PLEYBEN TENNIS CLUB,FINISTERE,29190,PLEYBEN,0,0,46,60,8,11,Oui
05290014,BREST TENNIS CLUB ,FINISTERE,29200,BREST,4,9,397,423,40,47,Oui
05290015,BREST MARINE TENNIS CLUB  ,FINISTERE,29200,BREST,2,8,350,327,54,43,Oui
05290102,BREST PENFELD-BUC TC ,FINISTERE,29200,BREST,0,2,126,129,12,15,Oui
05290198,BREST LA BRESTOISE,FINISTERE,29200,BREST,0,0,4,6,0,1,Oui
05290220,BREST LEGION SAINT PIERRE,FINISTERE,29200,BREST,0,2,210,234,39,39,Oui
05290322,BREST IROISE TENNIS CLUB,FINISTERE,29200,BREST,0,3,41,47,6,5,Oui
05290446,BREST TC GUELMEUR,FINISTERE,29200,BREST,0,0,25,23,6,5,Oui
05290266,TENNIS CLUB LE CONQUET ,FINISTERE,29217,LE CONQUET,0,0,49,51,4,4,Non
05290462,LE TREZ-HIR A.T.P. ,FINISTERE,29217,PLOUGONVELIN,4,0,39,39,8,10,Oui
05290165,CLEDER TENNIS CLUB ,FINISTERE,29233,CLEDER,2,2,34,46,10,11,Oui
05290112,BREST THALES C.E. ,FINISTERE,29238,BREST CEDEX 3,1,1,0,4,0,1,Non
05290030,SAINT POL TENNIS CLUB ,FINISTERE,29250,SAINT POL DE LEON,3,2,178,191,34,38,Oui
05290628,PLOUEZOC'H TENNIS CLUB,FINISTERE,29252,PLOUEZOC'H,3,1,11,15,2,4,Non
05290344,LE FOLGOET-LESNEVEN TENNIS CLUB  ,FINISTERE,29260,LESNEVEN,2,5,185,189,32,31,Oui
05290350,PLOUDANIEL TENNIS CLUB,FINISTERE,29260,PLOUDANIEL,0,1,26,39,3,2,Oui
05290445,PLOUIDER TENNIS CLUB,FINISTERE,29260,PLOUIDER,0,0,59,57,15,16,Non
05290143,CARHAIX TENNIS CLUB  ,FINISTERE,29270,CARHAIX,2,3,92,110,15,13,Oui
05290474,LOCMARIA PLOUZANE ES ,FINISTERE,29280,LOCMARIA PLOUZANE,0,0,161,181,34,34,Oui
05290202,PLOUZANE AMICALE LAIQUE,FINISTERE,29280,PLOUZANE,0,2,66,93,12,13,Oui
05290493,PLOUZANE TENNIS CLUB,FINISTERE,29280,PLOUZANE,0,2,97,102,10,13,Oui
05290515,LANRIVOARE TENNIS CLUB,FINISTERE,29290,LANRIVOARE,1,1,29,28,6,4,Oui
05290325,MILIZAC TENNIS CLUB ,FINISTERE,29290,MILIZAC,0,2,62,71,12,12,Oui
05290038,SAINT RENAN TENNIS CLUB  ,FINISTERE,29290,SAINT-RENAN,0,6,338,371,39,38,Non
05290555,MELLAC TENNIS CLUB ,FINISTERE,29300,MELLAC,0,2,116,121,18,16,Oui
05290024,QUIMPERLE TENNIS CLUB ,FINISTERE,29300,QUIMPERLE,2,3,210,218,35,42,Oui
05290268,QUIMPER A.S.P.T.T. ,FINISTERE,29334,QUIMPER CEDEX,3,1,7,7,3,4,Oui
05290593,RIEC SUR BELON TENNIS CLUB ,FINISTERE,29340,RIEC SUR BELON,2,3,214,225,26,27,Oui
05290216,MOELAN/MER TENNIS CLUB,FINISTERE,29350,MOELAN SUR MER,1,3,131,133,11,12,Oui
05290113,BANNALEC TENNIS CLUB,FINISTERE,29380,BANNALEC,2,2,130,121,23,27,Oui
05290301,LAMPAUL GUIMILIAU TENNIS CLUB,FINISTERE,29400,LAMPAUL GUIMILIAU,0,2,102,100,14,18,Oui
05290110,LANDIVISIAU TENNIS CLUB  ,FINISTERE,29400,LANDIVISIAU,0,4,238,240,49,48,Oui
05290546,SAINT THEGONNEC TC 2 RIVES  ,FINISTERE,29410,SAINT-THEGONNEC,0,2,38,43,0,0,Oui
05290311,PLOUENAN TENNIS CLUB,FINISTERE,29420,PLOUENAN,0,2,109,108,22,28,Oui
05290246,PLOUVORN TENNIS CLUB ,FINISTERE,29420,PLOUVORN,0,3,70,78,12,17,Oui
05290358,PLOUESCAT TENNIS CLUB ,FINISTERE,29430,PLOUESCAT,4,1,38,53,0,4,Oui
05290675,SIZUN LE TREHOU A.S.,FINISTERE,29450,SIZUN,2,1,48,47,0,0,Oui
05290213,DAOULAS TENNIS CLUB,FINISTERE,29460,DAOULAS,1,1,77,82,6,6,Oui
05290665,DIRINON LOISIRS AT ,FINISTERE,29460,DIRINON,0,1,46,71,0,8,Oui
05290538,L'HOPITAL CAMFROUT,FINISTERE,29460,L'HOPITAL CAMFROUT,0,1,86,83,6,6,Oui
05290537,LOPERHET TENNIS CLUB ,FINISTERE,29470,LOPERHET,0,3,85,92,18,16,Oui
05290195,PLOUGASTEL DAOULAS TC ,FINISTERE,29470,PLOUGASTEL DAOULAS,2,6,224,231,31,40,Oui
05290036,LE RELECQ KERHUON TENNIS CLUB ,FINISTERE,29480,LE RELECQ KERHUON,3,6,437,408,38,48,Oui
05290039,GUIPAVAS LES GARS DU REUN  ,FINISTERE,29490,GUIPAVAS,0,8,282,267,36,41,Oui
05290373,ERGUE GABERIC TENNIS CLUB ,FINISTERE,29500,ERGUE GABERIC,1,5,157,170,21,25,Oui
05290321,BRIEC TENNIS CLUB ,FINISTERE,29510,BRIEC DE L'ODET,2,2,145,148,21,24,Oui
05290564,CHATEAUNEUF KASTELL TENNIS ,FINISTERE,29520,CHATEAUNEUF DU FAOU,2,0,42,52,10,17,Oui
05290341,PLONEVEZ PORZAY TC PORZAY,FINISTERE,29550,PLONEVEZ PORZAY,2,1,16,15,4,5,Oui
05290405,TELGRUC TENNIS CLUB ,FINISTERE,29560,TELGRUC SUR MER,2,2,133,133,17,16,Oui
05290670,LE FAOU TENNIS CLUB ,FINISTERE,29580,LE FAOU,1,0,80,82,18,21,Oui
05290023,MORLAIX TENNIS CLUB ,FINISTERE,29600,MORLAIX,2,6,228,256,38,47,Oui
05290379,SAINT MARTIN DES CHAMPS AS,FINISTERE,29600,SAINT MARTIN DES CHAMPS,2,2,1,3,0,0,Oui
05290383,PLOUIGNEAU TC IGNACIEN,FINISTERE,29610,PLOUIGNEAU,0,0,71,73,12,9,Oui
05290418,PLOUGASNOU TENNIS CLUB,FINISTERE,29630,PLOUGASNOU,2,2,123,140,19,17,Oui
05290600,PLOUGONVEN TENNIS CLUB,FINISTERE,29640,PLOUGONVEN,1,2,55,51,11,6,Oui
05290430,GUERLESQUIN TENNIS CLUB,FINISTERE,29650,GUERLESQUIN,2,1,0,12,0,1,Oui
05290035,CARANTEC TENNIS 2 BAIES ,FINISTERE,29660,CARANTEC,2,1,127,135,16,12,Oui
05290676,HENVIC TENNIS CLUB,FINISTERE,29670,HENVIC,1,1,0,2,0,0,Non
05290335,TAULE TENNIS CLUB,FINISTERE,29670,TAULE,0,0,69,70,14,21,Oui
05290519,ROSCOFF TENNIS CLUB ,FINISTERE,29680,ROSCOFF,5,1,69,81,11,15,Oui
05290678,ARREE TENNIS DE L'ARREE ,FINISTERE,29690,HUELGOAT,1,1,45,45,13,14,Oui
05290427,PLOMELIN ASS. TENNIS ,FINISTERE,29700,PLOMELIN,0,3,118,119,22,18,Oui
05290610,PLUGUFFAN TENNIS CLUB ,FINISTERE,29700,PLUGUFFAN,2,1,40,43,0,0,Oui
05290433,PLONEOUR TENNIS CLUB ,FINISTERE,29720,PLONEOUR-LANVERN,0,2,110,148,17,22,Oui
05290219,LE GUILVINEC TENNIS CLUB ,FINISTERE,29730,LE GUILVINEC,2,2,92,96,12,17,Oui
05290302,LOCTUDY TC DU GLEVIAN ,FINISTERE,29750,LOCTUDY,5,3,136,129,18,18,Oui
05290138,PENMARC'H TENNIS CLUB,FINISTERE,29760,PENMARC'H,2,2,111,117,17,15,Oui
05290171,CAP SIZUN TENNIS CLUB,FINISTERE,29780,PLOUHINEC,2,0,40,44,2,4,Oui
05290357,LA FOREST LANDERNEAU TENNIS CLUB,FINISTERE,29800,LA FOREST LANDERNEAU,2,0,31,27,7,4,Oui
05290552,LA ROCHE MAURICE US ,FINISTERE,29800,LA ROCHE-MAURICE,1,2,78,86,17,16,Oui
05290194,LANDERNEAU TENNIS CLUB DU PAYS ,FINISTERE,29800,LANDERNEAU,1,2,186,192,31,45,Oui
05290527,PLOUEDERN TENNIS CLUB,FINISTERE,29800,PLOUEDERN,0,2,149,158,21,19,Oui
05290597,PHARE OUEST TENNIS CLUB,FINISTERE,29810,LAMPAUL PLOUARZEL,0,1,137,164,26,35,Non
05290679,TC PLOUMOGUER ,FINISTERE,29810,PLOUMOGUER,1,0,21,22,1,4,Non
05290319,BOHARS TENNIS CLUB ,FINISTERE,29820,BOHARS,0,0,66,84,14,15,Oui
05290172,GUILERS TENNIS CLUB ,FINISTERE,29820,GUILERS,0,3,120,141,26,34,Oui
05290142,PLOUDALMEZEAU TC ARZELLIZ ,FINISTERE,29830,PLOUDALMEZEAU,2,2,46,42,7,9,Oui
05290324,PLOUGUIN TENNIS CLUB,FINISTERE,29830,PLOUGUIN,2,3,52,36,2,1,Non
05290683,PLOURIN LES RAQUETTES PLOURINOISES,FINISTERE,29830,PLOURIN,0,0,17,0,0,0,Non
05290556,SAINT PABU AT ,FINISTERE,29830,SAINT-PABU,4,1,113,112,26,25,Oui
05290314,LANDUNVEZ TENNIS CLUB,FINISTERE,29840,LANDUNVEZ,2,0,4,4,0,0,Non
05290161,PORSPODER TENNIS CLUB ,FINISTERE,29840,PORSPODER,0,3,264,529,33,34,Oui
05290179,GOUESNOU TENNIS CLUB  ,FINISTERE,29850,GOUESNOU,1,8,91,105,13,15,Oui
05290279,BOURG BLANC F L TENNIS,FINISTERE,29860,BOURG BLANC,0,0,54,69,10,16,Non
05290313,LE DRENNEC FOYER RURAL,FINISTERE,29860,LE DRENNEC,1,1,6,9,2,3,Oui
05290124,PLABENNEC TENNIS CLUB ,FINISTERE,29860,PLABENNEC,2,2,182,203,40,37,Oui
05290154,LANDEDA TENNIS CLUB,FINISTERE,29870,LANDEDA,0,0,0,0,0,0,Oui
05290020,LANNILIS TENNIS CLUB DES ABERS,FINISTERE,29870,LANNILIS,1,1,28,41,12,9,Oui
05290108,PLOUGUERNEAU TC PLOUGUERNEEN ,FINISTERE,29880,PLOUGUERNEAU,3,2,111,118,21,28,Oui
05290435,KERLOUAN COTES DES LEGENDES T.C.  ,FINISTERE,29890,KERLOUAN,2,3,52,61,14,11,Non
05290040,CONCARNEAU TENNIS CLUB ,FINISTERE,29900,CONCARNEAU,6,2,149,166,21,31,Oui
05290378,TREGUNC TENNIS CLUB,FINISTERE,29910,TREGUNC,3,2,73,77,13,14,Oui
05290285,PONT AVEN TENNIS CLUB,FINISTERE,29930,PONT-AVEN,2,1,18,12,4,4,Oui
05290386,BENODET TENNIS CLUB ,FINISTERE,29950,BENODET,4,3,231,238,23,23,Oui
,RENNES ASCE EQUIPEMENT 35,ILLE ET VILAINE,,,0,0,5,8,2,2,Non
,RENNES ASC CONSEIL GENERAL 35,ILLE ET VILAINE,,,0,0,9,10,2,2,Non
,RENNES CAPGEMINI TENNIS ENTREPRISE,ILLE ET VILAINE,,,0,0,7,5,1,1,Non
,RENNES A.S.SII SECTION TENNIS,ILLE ET VILAINE,,,0,0,0,9,0,1,Non
05350070,RENNES A.S. CHEMINOTS,ILLE ET VILAINE,35000,RENNES,3,1,179,165,11,15,Oui
05350094,RENNES USEN,ILLE ET VILAINE,35000,RENNES,0,0,12,13,5,5,Non
05350119,RENNES ATSCAF,ILLE ET VILAINE,35000,RENNES,0,0,7,5,1,1,Oui
05350159,RENNES US VEOLIA ENVIRONNEMENT OUEST,ILLE ET VILAINE,35000,RENNES,0,1,1,3,1,1,Non
05350181,RENNES CS GARNISON,ILLE ET VILAINE,35000,RENNES,2,1,20,23,4,3,Oui
05350182,RENNES AS ORTF,ILLE ET VILAINE,35000,RENNES,0,0,3,4,1,1,Oui
05350205,RENNES AS DES MUNICIPAUX,ILLE ET VILAINE,35000,RENNES,0,0,29,30,4,6,Non
05350273,RENNES AS POLICE RENNAISE,ILLE ET VILAINE,35000,RENNES,0,0,7,7,2,3,Non
05350397,RENNES TC LAOTIENS,ILLE ET VILAINE,35000,RENNES,0,0,18,19,2,3,Non
05350399,RENNES AS CAISSE D'EPARGNE,ILLE ET VILAINE,35000,RENNES,0,1,0,0,0,0,Oui
05350422,RENNES AS BPO,ILLE ET VILAINE,35000,RENNES,0,0,9,8,1,1,Non
05350436,RENNES POLE ASSOCIATION,ILLE ET VILAINE,35000,RENNES,0,0,75,59,2,2,Non
05350512,RENNES UL LEO LAGRANGE,ILLE ET VILAINE,35000,RENNES,1,0,0,0,0,0,Non
05350680,RENNES TENNIS CLUB VIET BRETAGNE,ILLE ET VILAINE,35000,RENNES,0,0,15,9,4,2,Non
05350702,RENNES ASSOCIATION USPEC 35,ILLE ET VILAINE,35000,RENNES,0,0,2,2,2,2,Non
05350703,RENNES A.S. SAPEURS POMPIERS,ILLE ET VILAINE,35000,RENNES,0,0,9,9,1,1,Non
05350704,RENNES AS DU C.I.L.,ILLE ET VILAINE,35000,RENNES,0,0,10,8,1,1,Non
05350705,RENNES TC MEDICAL,ILLE ET VILAINE,35000,RENNES,0,0,11,12,5,5,Non
05350706,RENNES CLUB MAIF TENNIS,ILLE ET VILAINE,35000,RENNES,0,0,3,3,1,1,Non
05350707,RENNES COOPER STANDARD FRANCE,ILLE ET VILAINE,35000,RENNES,0,0,8,8,1,1,Non
05350245,RENNES CHR AS,ILLE ET VILAINE,35033,RENNES CEDEX,0,0,19,16,3,3,Non
05350166,RENNES UNIVERSITES CLUB,ILLE ET VILAINE,35042,RENNES CEDEX,0,0,50,47,5,5,Oui
05350065,DOL DE BRETAGNE TENNIS CLUB,ILLE ET VILAINE,35120,DOL DE BRETAGNE,0,2,136,133,10,18,Non
05350693,HIREL LA FRESNAIS TENNIS CLUB ,ILLE ET VILAINE,35120,HIREL,1,1,69,57,7,7,Oui
05350067,LA GUERCHE TENNIS CLUB ,ILLE ET VILAINE,35130,LA GUERCHE DE BRETAGNE,1,2,128,129,8,16,Oui
05350109,RENNES ASLC PEUGEOT CITROEN,ILLE ET VILAINE,35131,CHARTES DE BRETAGNE,0,2,7,10,3,3,Non
05350238,CHARTRES BRETAGNE ESPERANCE,ILLE ET VILAINE,35131,CHARTRES DE BRETAGNE,2,2,197,205,16,31,Oui
05350443,PONT PEAN TC,ILLE ET VILAINE,35131,PONT-PEAN,1,2,82,90,6,13,Non
05350307,VEZIN TENNIS CLUB ,ILLE ET VILAINE,35132,VEZIN LE COQUET,1,2,138,126,10,25,Oui
05350458,BEAUCE-LUITRE TC,ILLE ET VILAINE,35133,BEAUCE,0,1,52,52,8,11,Non
05350701,JAVENE-TENNIS CLUB JAVENEEN,ILLE ET VILAINE,35133,JAVENE,0,1,19,29,0,0,Oui
05350684,LA CHAPELLE JANSON TC,ILLE ET VILAINE,35133,LA CHAPELLE JANSON,0,1,6,8,0,1,Non
05350509,FOUGERES GAZELEC SPORTS,ILLE ET VILAINE,35133,LAIGNELET,0,1,10,11,2,2,Non
05350511,LANDEAN SC,ILLE ET VILAINE,35133,LANDEAN,0,1,52,57,4,6,Non
05350066,FOUGERES TENNIS CLUB,ILLE ET VILAINE,35133,LECOUSSE,2,3,222,256,27,43,Oui
05350553,LECOUSSE AS,ILLE ET VILAINE,35133,LECOUSSE,0,1,83,73,8,16,Oui
05350487,ROMAGNE TC,ILLE ET VILAINE,35133,ROMAGNE,0,1,73,72,6,9,Oui
05350547,SAINT GERMAIN EN COGLES,ILLE ET VILAINE,35133,SAINT GERMAIN EN COGLES,2,0,45,54,4,4,Non
05350252,CHANTEPIE AS,ILLE ET VILAINE,35135,CHANTEPIE,4,3,324,331,20,40,Oui
05350211,SAINT JACQUES DE LA LANDE T.C.  ,ILLE ET VILAINE,35136,SAINT JACQUES DE LA LANDE,1,3,206,206,16,34,Oui
05350716,AMAC 35 Météo et Aviation Civile,ILLE ET VILAINE,35136,SAINT JACQUES DE LA LANDE,1,2,2,3,1,2,Non
05350407,BEDEE TENNIS CLUB DE LA VAUNOISE ,ILLE ET VILAINE,35137,BEDEE,2,2,125,130,8,16,Oui
05350699,GOSNE TENNIS CLUB,ILLE ET VILAINE,35140,GOSNE,0,0,57,70,6,13,Non
05350456,SAINT AUBIN DU CORMIER AS,ILLE ET VILAINE,35140,SAINT AUBIN DU CORMIER,1,1,72,68,9,15,Oui
05350675,SAINT OUEN LES ALLEUX/TC AUDONIEN,ILLE ET VILAINE,35140,ST OUEN DES ALLLEUX,0,0,45,39,0,0,Oui
05350083,JANZE TENNIS CLUB,ILLE ET VILAINE,35150,JANZE,0,2,135,141,12,20,Oui
05350191,BROCELIANDE TENNIS CLUB,ILLE ET VILAINE,35160,MONTFORT SUR MEU,2,3,381,371,22,32,Oui
05350090,BRUZ TENNIS CLUB,ILLE ET VILAINE,35170,BRUZ,2,3,417,426,21,34,Oui
05350625,SAINT DOMINEUC T.C.,ILLE ET VILAINE,35190,SAINT DOMINEUC,2,0,113,69,11,19,Non
05350524,TINTENIAC TENNIS CLUB,ILLE ET VILAINE,35190,TINTENIAC,2,1,66,67,4,4,Oui
05350249,RENNES CERCLE PB GINGUENE,ILLE ET VILAINE,35200,RENNES,0,0,26,14,2,2,Oui
05350338,RENNES AS.SPORT&CULT.ENS.PUBLIC,ILLE ET VILAINE,35200,RENNES,0,0,37,46,7,14,Oui
05350180,CHATEAUBOURG TENNIS CLUB ,ILLE ET VILAINE,35220,CHATEAUBOURG,2,5,278,267,12,30,Oui
05350376,BOURGBARRE TENNIS CLUB,ILLE ET VILAINE,35230,BOURGBARRE,1,0,61,63,6,7,Non
05350292,NOYAL CHATILLON US,ILLE ET VILAINE,35230,NOYAL CHATILLON,3,3,139,119,16,22,Oui
05350293,ORGERES TENNIS CLUB,ILLE ET VILAINE,35230,ORGERES,2,0,76,87,4,6,Oui
05350687,SAINT ARMEL TENNIS CLUB,ILLE ET VILAINE,35230,SAINT-ARMEL,1,1,46,39,6,9,Oui
05350388,THORIGNE FOUILLARD TC,ILLE ET VILAINE,35235,THORIGNE FOUILLARD,1,4,405,466,19,41,Oui
05350188,MARTIGNE-RETIERS TENNIS CLUB,ILLE ET VILAINE,35240,RETIERS,0,0,16,31,4,6,Non
05350517,CHEVAIGNE TENNIS CLUB,ILLE ET VILAINE,35250,CHEVAIGNE,0,1,66,64,4,6,Non
05350317,SAINT AUBIN D'AUBIGNE TC,ILLE ET VILAINE,35250,SAINT AUBIN D'AUBIGNE,1,1,61,70,6,11,Oui
05350118,CHATEL TENNIS CLUB ,ILLE ET VILAINE,35270,COMBOURG,4,3,192,195,14,24,Oui
05350681,ENTENTE MUEL - ST-MEEN LE GRAND,ILLE ET VILAINE,35290,MUEL,0,1,78,65,4,7,Oui
05350352,FOUGERES ESPERANCE  ,ILLE ET VILAINE,35300,FOUGERES,1,2,87,87,7,10,Oui
05350501,FOUGERES AGL,ILLE ET VILAINE,35300,FOUGERES,0,0,19,28,3,4,Oui
05350269,FOUGERES CAS,ILLE ET VILAINE,35304,FOUGERES,0,2,6,3,3,2,Non
05350584,CHAVAGNE USC ,ILLE ET VILAINE,35310,CHAVAGNE,1,2,54,64,6,9,Oui
05350125,MORDELLES US,ILLE ET VILAINE,35310,MORDELLES,2,1,159,172,10,21,Oui
05350561,CREVIN CLUB DES BRUYERES,ILLE ET VILAINE,35320,CREVIN,1,0,32,21,4,5,Oui
05350656,POLIGNE TENNIS CLUB,ILLE ET VILAINE,35320,POLIGNE,1,1,27,26,2,2,Non
05350698,TEILLAY-ERCE-TRESBOEUF T.C. ,ILLE ET VILAINE,35320,TRESBOEUF,2,1,93,100,4,11,Oui
05350337,MAURE DE BRETAGNE RAQUETTE CLUB,ILLE ET VILAINE,35330,MAURE DE BRETAGNE,2,1,63,63,2,3,Non
05350613,LA BOUEXIERE ESPERANCE,ILLE ET VILAINE,35340,LA BOUEXIERE,2,0,58,40,2,4,Oui
05350134,LIFFRE USL TENNIS ,ILLE ET VILAINE,35340,LIFFRE,2,3,191,195,10,20,Oui
05350634,SAINT COULOMB T.C.,ILLE ET VILAINE,35350,SAINT COULOMB,2,1,62,59,2,4,Oui
05350604,SAINT MELOIR DES ONDES AS,ILLE ET VILAINE,35350,SAINT MELOIR DES ONDES,0,2,79,80,8,18,Oui
05350618,MEDREAC TENNIS CLUB,ILLE ET VILAINE,35360,MEDREAC,0,0,27,20,2,2,Non
05350227,MONTAUBAN OC,ILLE ET VILAINE,35360,MONTAUBAN DE BRETAGNE,3,1,221,208,17,26,Oui
05350190,ARGENTRE DU PLESSIS TC LES JEUNES,ILLE ET VILAINE,35370,ARGENTRE DU PLESSIS,0,2,60,61,4,6,Oui
05350696,ETRELLES TENNIS DETENTE,ILLE ET VILAINE,35370,ETRELLES,0,0,16,21,4,4,Oui
05350381,PLELAN LE GRAND TENNIS CL,ILLE ET VILAINE,35380,PLELAN LE GRAND,2,0,106,105,4,10,Oui
05350622,TREFFENDEL ASC,ILLE ET VILAINE,35380,TREFFENDEL,0,0,0,0,0,0,Non
05350717,SUD VILAINE CLUB MULTISPORT 35,ILLE ET VILAINE,35390,LA DOMINELAIS,0,0,0,26,0,0,Non
05350079,SAINT MALO TC JA ,ILLE ET VILAINE,35400,SAINT MALO,6,9,456,451,30,50,Oui
05350243,SAINT MALO AS JACQUES CARTIER,ILLE ET VILAINE,35400,SAINT-MALO,0,2,136,151,8,12,Oui
05350210,SAINT MALO CERCLE J.FERRY-CANCALE ,ILLE ET VILAINE,35400,ST MALO,2,3,229,264,15,31,Oui
05350708,SAINT MALO A.S.TIMAC,ILLE ET VILAINE,35400,ST MALO,0,0,24,22,4,7,Non
05350362,SAINT MALO COTE D'EMERAUDE,ILLE ET VILAINE,35407,SAINT-MALO,0,0,2,2,1,1,Non
05350081,BOIS ORCAN TC ,ILLE ET VILAINE,35410,CHATEAUGIRON,2,5,313,299,19,32,Oui
05350654,NOUVOITOU JEUNES SPORTIFS,ILLE ET VILAINE,35410,NOUVOITOU,0,0,26,10,2,2,Non
05350700,OSSE UNION SPORTIVE TENNIS,ILLE ET VILAINE,35410,OSSE,0,1,35,28,2,5,Non
05350544,LOUVIGNE DU DESERT TENNIS,ILLE ET VILAINE,35420,LOUVIGNE DU DESERT,0,2,122,128,12,22,Oui
05350697,CHATEAUNEUF TENNIS CLUB ,ILLE ET VILAINE,35430,CHATEAUNEUF,0,1,142,130,6,10,Non
05350655,SAINT JOUAN TENNIS CLUB,ILLE ET VILAINE,35430,SAINT JOUAN DES GUERETS,0,1,106,117,6,10,Oui
05350695,LIVRE SUR CHANGEON T.C.,ILLE ET VILAINE,35450,LIVRE SUR CHANGEON,1,0,55,51,6,6,Non
05350192,SAINT BRICE EN COGLES T C,ILLE ET VILAINE,35460,SAINT BRICE EN COGLES,0,1,76,88,6,17,Oui
05350523,SAINT ETIENNE EN COGLES TC,ILLE ET VILAINE,35460,SAINT ETIENNE EN COGLES,0,1,34,48,4,6,Oui
05350116,BAIN DE BRETAGNE,ILLE ET VILAINE,35470,BAIN DE BRETAGNE,2,1,184,187,12,19,Oui
05350200,GUIPRY MESSAC US,ILLE ET VILAINE,35480,GUIPRY,2,2,110,131,8,18,Oui
05350442,SENS DE BRETAGNE ESSC,ILLE ET VILAINE,35490,SENS DE BRETAGNE,1,1,48,52,4,9,Oui
05350529,HAUTE VILAINE ET CANTACHE TENNIS CLUB,ILLE ET VILAINE,35500,BALAZE,1,1,88,88,8,15,Oui
05350685,ERBREE RAQUETTES CLUB ERBREEN,ILLE ET VILAINE,35500,ERBREE,0,1,7,7,2,2,Non
05350078,VITRE TENNIS CLUB,ILLE ET VILAINE,35500,VITRE,2,4,302,314,16,33,Oui
05350068,CESSON O.C.CESSONNAIS TENNIS ,ILLE ET VILAINE,35510,CESSON SEVIGNE,2,4,595,650,25,62,Oui
05350460,CESSON-SEVIGNE AS FTR&D,ILLE ET VILAINE,35512,CESSON-SEVIGNE CEDEX,4,0,2,1,0,0,Non
05350431,LA CHAPELLE DES FOUGERETZ,ILLE ET VILAINE,35520,LA CHAPELLE DES FOUGERETZ,1,1,123,114,6,13,Oui
05350659,LA MEZIERE TENNIS BADMINTON,ILLE ET VILAINE,35520,LA MEZIERE,2,1,151,145,8,19,Oui
05350576,MELESSE TENNIS CLUB ,ILLE ET VILAINE,35520,MELESSE,2,2,324,304,16,29,Oui
05350620,MONTREUIL LE GAST TENNIS CLUB,ILLE ET VILAINE,35520,MONTREUIL LE GAST,2,1,10,13,0,0,Non
05350163,NOYAL SUR VILAINE ASTC,ILLE ET VILAINE,35530,NOYAL SUR VILAINE,2,1,85,106,10,15,Oui
05350541,SERVON SUR VILAINE,ILLE ET VILAINE,35530,SERVON SUR VILAINE,1,2,106,109,6,12,Oui
05350715,PLERGUER ASSOCIATION TENNIS,ILLE ET VILAINE,35540,PLERGUER,1,1,77,67,2,2,Non
05350164,PIPRIAC TENNIS CLUB,ILLE ET VILAINE,35550,PIPRIAC,2,1,45,48,0,4,Oui
05350647,SAINT JUST T.C. COJOUX,ILLE ET VILAINE,35550,SAINT-JUST,1,1,21,16,0,1,Oui
05350663,ANTRAIN TENNIS CLUB ,ILLE ET VILAINE,35560,ANTRAIN,0,0,57,46,6,6,Oui
05350718,BAULON TENNIS CLUB,ILLE ET VILAINE,35580,BAULON,1,0,14,18,0,0,Non
05350624,GOVEN A.T.,ILLE ET VILAINE,35580,GOVEN,1,1,104,91,10,14,Oui
05350177,GUICHEN T.C.,ILLE ET VILAINE,35580,GUICHEN,2,1,112,111,8,15,Oui
05350605,GUIGNEN UNION SPORTIVE,ILLE ET VILAINE,35580,GUIGNEN,2,1,83,76,8,13,Non
05350304,LA FLUME TENNIS CLUB ,ILLE ET VILAINE,35590,L'HERMITAGE,5,3,177,173,11,23,Oui
05350490,SAINT GILLES US,ILLE ET VILAINE,35590,SAINT GILLES,2,2,44,48,6,9,Oui
05350359,BAINS SUR OUST TC,ILLE ET VILAINE,35600,BAINS SUR OUST,0,1,28,15,2,3,Oui
05350193,REDON TENNIS CLUB,ILLE ET VILAINE,35600,REDON,2,2,119,130,4,12,Oui
05350419,REDON AL,ILLE ET VILAINE,35600,REDON,2,2,101,128,6,11,Oui
05350719,PLEINE FOUGERES CERCLE OLYMPIQUE TC ,ILLE ET VILAINE,35610,PLEINE FOUGERES,1,1,34,1,2,0,Non
05350673,HEDE-GUIPEL-VIGNOC TENNIS CLUB,ILLE ET VILAINE,35630,HEDE,1,1,26,24,0,0,Non
05350077,LE RHEU S.C. TENNIS,ILLE ET VILAINE,35650,LE RHEU,4,0,130,105,6,13,Oui
05350637,LANGON TC BASSE VILAINE,ILLE ET VILAINE,35660,LANGON,0,0,12,0,0,0,Non
05350390,BAIS CLUB DES TROIS RAQUETTES,ILLE ET VILAINE,35680,BAIS,1,1,22,17,4,4,Oui
05350408,ACIGNE TENNIS ,ILLE ET VILAINE,35690,ACIGNE,0,2,232,260,10,21,Oui
05350073,RENNES GARDEN TENNIS CLUB,ILLE ET VILAINE,35700,RENNES,3,3,170,235,9,25,Oui
05350274,RENNES ALLIANZ SPORTS ET LOISIRS,ILLE ET VILAINE,35700,RENNES,0,0,10,10,1,1,Non
05350666,RENNES ASC LOISIRS JEANNE D'ARC ,ILLE ET VILAINE,35700,RENNES,0,0,75,101,0,0,Non
05350085,RENNES ASPTT,ILLE ET VILAINE,35700,RENNES CEDEX,2,2,137,160,18,25,Oui
05350391,PLEURTUIT TENNIS CLUB,ILLE ET VILAINE,35730,PLEURTUIT,3,2,120,155,6,11,Oui
05350232,PACE TENNIS C.O.P.,ILLE ET VILAINE,35740,PACE,2,3,387,378,13,26,Oui
05350099,RENNES AS CHATAIGNERAIE,ILLE ET VILAINE,35760,MONTGERMONT,2,4,285,324,18,32,Oui
05350327,MONTGERMONT TENNIS CLUB,ILLE ET VILAINE,35760,MONTGERMONT,2,2,98,108,8,16,Non
05350088,SAINT GREGOIRE TC ,ILLE ET VILAINE,35760,SAINT GREGOIRE,0,8,442,388,23,38,Oui
05350084,RENNES SECURITE SOCIALE,ILLE ET VILAINE,35770,VERN SUR SEICHE,0,1,16,19,2,3,Oui
05350298,VERN SUR SEICHE US,ILLE ET VILAINE,35770,VERN SUR SEICHE,0,5,131,136,14,21,Oui
05350499,VERN BOIS DE SOEUVRES TC,ILLE ET VILAINE,35770,VERN SUR SEICHE,2,7,275,256,19,35,Oui
05350064,DINARD TENNIS CLUB,ILLE ET VILAINE,35800,DINARD,11,4,246,257,18,39,Oui
05350413,SAINT BRIAC TC BRIACIN,ILLE ET VILAINE,35800,SAINT BRIAC SUR MER,5,2,62,72,6,11,Oui
05350076,SAINT LUNAIRE COTE D'EMERAUDE TC  ,ILLE ET VILAINE,35800,SAINT-LUNAIRE,8,2,221,217,10,18,Non
05350387,BETTON AT ,ILLE ET VILAINE,35830,BETTON,2,2,319,331,16,26,Oui
05350530,GEVEZE AS,ILLE ET VILAINE,35850,GEVEZE,1,1,137,148,10,16,Oui
05350434,IRODOUER AVENIR,ILLE ET VILAINE,35850,IRODOUER,0,1,44,48,3,4,Non
05350482,ROMILLE A.S.,ILLE ET VILAINE,35850,ROMILLE,2,1,158,135,16,28,Oui
05350621,ACTIONS SPORTS LOISIRS LE MINIHIC S/ RANCE,ILLE ET VILAINE,35870,LE MINIHIC SUR RANCE,1,0,32,37,0,3,Oui
05350602,BOURG DES COMPTES T C,ILLE ET VILAINE,35890,BOURG DES COMPTES,1,1,36,49,6,8,Oui
05350331,LAILLE SECTION TENNIS US,ILLE ET VILAINE,35890,LAILLE,1,2,171,171,12,21,Oui
05350174,CSA DE L'ETRS,ILLE ET VILAINE,35998,RENNES ARMEES,2,1,13,10,2,5,Oui
,CLUB SPORTIF DE LA MARINE LORIENT,MORBIHAN,,,0,0,0,0,1,0,Non
05560059,VANNES TENNIS CLUB,MORBIHAN,56000,VANNES,4,5,452,506,33,49,Oui
05560152,VANNES ASPTT TENNIS,MORBIHAN,56000,VANNES,1,1,53,68,7,12,Oui
05560531,VANNES MENIMUR TENNIS ,MORBIHAN,56000,VANNES,2,3,343,382,32,42,Oui
05560461,VANNES CREDIT AGRICOLE AS,MORBIHAN,56006,VANNES CEDEX,0,2,7,11,2,3,Non
05560050,LORIENT TENNIS  ,MORBIHAN,56100,LORIENT,3,6,568,572,37,58,Oui
05560096,LORIENT PATRONAGE LAIQUE,MORBIHAN,56100,LORIENT,0,2,147,127,19,20,Oui
05560149,LORIENT ASS.SPORTIVE ARTISTIQUE et de LOISIRS,MORBIHAN,56100,LORIENT,1,0,0,0,0,0,Oui
05560054,GOURIN TENNIS CLUB,MORBIHAN,56110,GOURIN,2,1,55,82,3,11,Oui
05560160,JOSSELIN TENNIS CLUB,MORBIHAN,56120,JOSSELIN,1,1,51,45,8,9,Oui
05560592,NIVILLAC G.N.D.B.,MORBIHAN,56130,NIVILLAC,2,2,52,69,7,11,Oui
05560348,MALESTROIT TC DU PAYS,MORBIHAN,56140,MALESTROIT,2,1,88,115,8,12,Oui
05560601,PLEUCADEUC A.S.C. J.D'ARC,MORBIHAN,56140,PLEUCADEUC,0,1,12,10,2,2,Non
05560092,BAUD TENNIS CLUB ,MORBIHAN,56150,BAUD,0,1,153,146,15,20,Oui
05560057,QUIBERON TENNIS CLUB ,MORBIHAN,56170,QUIBERON,15,0,0,10,0,0,Oui
05560667,QUIBERON OCEAN SPORTING CLUB,MORBIHAN,56170,QUIBERON,0,2,100,104,6,9,Oui
05560636,ARZAL AVANT GARDE TENNIS,MORBIHAN,56190,ARZAL,0,0,27,24,1,0,Oui
05560212,MUZILLAC TENNIS CLUB ,MORBIHAN,56190,MUZILLAC,2,2,146,136,17,23,Oui
05560204,LA GACILLY TC USG,MORBIHAN,56200,LA GACILLY,0,2,82,81,8,11,Oui
05560677,CADEN MALANSAC TC,MORBIHAN,56220,CADEN,1,0,32,44,7,12,Oui
05560224,QUESTEMBERT TENNIS CLUB,MORBIHAN,56230,QUESTEMBERT,2,1,157,166,22,27,Oui
05560223,PLOUAY TENNIS CLUB DU PAYS ,MORBIHAN,56240,PLOUAY,1,2,131,115,11,19,Oui
05560272,ELVEN TENNIS CLUB ,MORBIHAN,56250,ELVEN,2,3,145,159,16,24,Oui
05560689,AJONCS D'OR TENNIS ST NOLFF TREFFLEAN,MORBIHAN,56250,SAINT-NOLFF,1,1,116,113,16,27,Oui
05560147,LARMOR PLAGE TENNIS CLUB ,MORBIHAN,56260,LARMOR PLAGE,2,6,330,404,20,22,Oui
05560185,PLOEMEUR TENNIS CLUB MUNICIPAL ,MORBIHAN,56270,PLOEMEUR,0,3,258,257,17,29,Oui
05560641,LE SOURN TENNIS CLUB,MORBIHAN,56300,LE SOURN,2,0,62,70,8,10,Oui
05560056,PONTIVY TENNIS CLUB,MORBIHAN,56300,PONTIVY,3,4,205,231,15,22,Oui
05560953,L'ELLE TENNIS CLUB DE ,MORBIHAN,56320,LE FAOUET,3,2,40,31,4,2,Non
05560540,PLUVIGNER TENNIS CLUB,MORBIHAN,56330,PLUVIGNER,2,0,61,68,8,12,Oui
05560049,CARNAC TENNIS CLUB DE BEAUMER,MORBIHAN,56340,CARNAC,10,0,1,19,0,0,Non
05560146,CARNAC TC LA RAQUETTE CARNACOISE ,MORBIHAN,56340,CARNAC,2,2,215,250,15,21,Oui
05560649,CARNAC T.C. THALASSO ,MORBIHAN,56340,CARNAC,8,0,0,20,0,0,Non
05560554,ALLAIRE TENNIS CLUB,MORBIHAN,56350,ALLAIRE,1,2,64,78,7,8,Oui
05560651,BEGANNE TENNIS CLUB,MORBIHAN,56350,BEGANNE,0,0,43,58,6,8,Oui
05560650,RIEUX CLUB DE TENNIS DE RIEUX,MORBIHAN,56350,RIEUX,2,1,30,42,6,6,Oui
05560616,OUST T.C. ST VINCENT SUR OUST ,MORBIHAN,56350,SAINT VINCENT SUR OUST,3,3,51,55,13,17,Oui
05560345,BELLE ILE TENNIS CLUB,MORBIHAN,56360,BELLE ILE,4,2,105,109,3,3,Non
05560329,SARZEAU TENNIS CLUB ,MORBIHAN,56370,SARZEAU,4,2,212,227,21,34,Oui
05560294,GUER TENNIS CLUB,MORBIHAN,56380,GUER,1,0,6,11,1,2,Non
05560952,GRAND CHAMP TENNIS CLUB ,MORBIHAN,56390,GRAND CHAMP,2,1,106,130,9,8,Non
05560053,AURAY TENNIS CLUB,MORBIHAN,56400,AURAY,4,4,346,381,24,39,Oui
05560332,BRECH US BRECHOISE,MORBIHAN,56400,BRECH,2,0,13,1,0,0,Non
05560479,PLUNERET TENNIS CLUB,MORBIHAN,56400,PLUNERET,0,3,228,268,27,42,Oui
05560328,RIA ERDEVEN TC ,MORBIHAN,56410,ERDEVEN,4,6,263,284,33,49,Oui
05560167,MAURON TENNIS CLUB,MORBIHAN,56430,MAURON,1,2,57,59,4,10,Oui
05560201,LANGUIDIC TENNIS CLUB,MORBIHAN,56440,LANGUIDIC,2,0,80,75,8,14,Oui
05560951,SURZUR TENNIS CLUB,MORBIHAN,56450,SURZUR,2,1,70,80,2,3,Non
05560425,THEIX TENNIS CLUB ,MORBIHAN,56450,THEIX,2,2,194,207,21,30,Oui
05560562,LA TRINITE/MER ENTENTE TENNIS,MORBIHAN,56470,LA TRINITE SUR MER,3,0,8,14,0,0,Oui
05560286,SAINT PHILIBERT TC QUEHAN,MORBIHAN,56470,SAINT PHILIBERT,10,0,0,6,0,0,Non
05560438,CLEGUEREC TC CLEGUERECOIS,MORBIHAN,56480,CLEGUEREC,2,0,37,40,5,4,Non
05560525,LA TRINITE PORHOET TC ,MORBIHAN,56490,LA TRINITE PORHOET,2,1,14,12,0,0,Oui
05560259,LOCMINE TC DU PAYS DE LOCMINE,MORBIHAN,56500,LOCMINE,0,3,171,193,30,42,Oui
05560569,MOUSTOIR AC TENNIS CLUB,MORBIHAN,56500,MOUSTOIR AC,2,1,72,72,13,17,Non
05560229,SAINT PIERRE QUIBERON,MORBIHAN,56510,SAINT PIERRE QUIBERON,3,1,83,88,6,10,Oui
05560051,GUIDEL TENNIS CLUB ,MORBIHAN,56520,GUIDEL,3,2,162,194,19,24,Oui
05560545,QUEVEN TENNIS CLUB,MORBIHAN,56530,QUEVEN,2,2,158,161,17,29,Oui
05560457,PLR OCEAN TENNIS CLUB,MORBIHAN,56570,LOCMIQUELIC,4,2,149,147,17,20,Oui
05560615,BREHAN TENNIS CLUB,MORBIHAN,56580,BREHAN,2,0,32,33,9,10,Non
05560363,ILE DE GROIX TENNIS CLUB,MORBIHAN,56590,ILE DE GROIX,2,1,0,0,0,0,Oui
05560095,LANESTER FL ,MORBIHAN,56600,LANESTER,0,4,278,316,29,45,Oui
05560396,ARRADON U.S. TENNIS,MORBIHAN,56610,ARRADON,5,3,253,290,17,27,Oui
05560588,PONT SCORFF TC DU SCORFF,MORBIHAN,56620,PONT SCORFF,2,0,18,28,4,6,Oui
05560603,ARZON TENNIS CLUB,MORBIHAN,56640,ARZON,2,1,53,69,7,7,Oui
05560372,SAINT JEAN BREVELAY TC,MORBIHAN,56660,SAINT JEAN DE BREVELAY,2,2,18,32,4,10,Oui
05560946,GAVRES TENNIS CLUB,MORBIHAN,56680,GAVRES,2,1,30,38,2,4,Oui
05560228,TENNIS CLUB DU BLAVET,MORBIHAN,56700,HENNEBONT,0,2,205,225,19,22,Oui
05560439,KERVIGNAC TENNIS CLUB,MORBIHAN,56700,KERVIGNAC,2,2,177,208,18,17,Oui
05560640,SUD VILAINE TENNIS CLUB,MORBIHAN,56760,PENESTIN,2,0,58,63,6,7,Non
05560690,CAMPENEAC TENNIS CLUB,MORBIHAN,56800,CAMPENEAC,1,1,46,46,4,4,Oui
05560682,LOYAT TENNIS CLUB,MORBIHAN,56800,LOYAT,1,1,20,27,1,1,Oui
05560061,PLOERMEL TENNIS CLUB,MORBIHAN,56800,PLOERMEL,1,2,232,237,22,39,Oui
05560186,LORIENT LANESTER ASPTT,MORBIHAN,56850,CAUDAN,1,2,21,27,3,4,Oui
05560478,CAUDAN TENNIS CLUB,MORBIHAN,56854,CAUDAN CEDEX,2,2,109,124,20,21,Oui
05560516,SENE TENNIS CLUB,MORBIHAN,56860,SENE,2,2,207,165,17,21,Oui
05560608,BADEN T.C. DE BADEN ,MORBIHAN,56870,BADEN,2,2,141,129,16,25,Oui
05560481,PLESCOP MEUCON ES TENNIS,MORBIHAN,56890,PLESCOP,1,0,104,128,14,16,Oui
05560208,SAINT AVE E.S. TENNIS CLUB ,MORBIHAN,56890,SAINT AVE,2,2,190,199,24,35,Oui
05560437,CARENTOIR TC FONDELIENNE,MORBIHAN,56910,CARENTOIR,1,0,8,19,2,2,Non
05560361,NOYAL PONTIVY TENNIS CLUB,MORBIHAN,56920,NOYAL PONTIVY,1,1,35,37,7,10,Oui
05560573,CRAC'H TENNIS CLUB,MORBIHAN,56950,CRACH,2,2,95,93,7,7,Oui
