ClubID,Name,Ligue,Zip,City,Outdoor,Indoor,Players,Players-1AN,Teams,Teams-1AN,School?
06180002,ARMEMENT A.S. ETABLISSEMENT ,CHER,18000,BOURGES,5,2,258,272,26,21,Oui
06180004,ENTENTE TENNIS BOURGES  ,CHER,18000,BOURGES,7,5,261,314,32,32,Oui
06180005,GAZELEC SPORTIF,CHER,18000,BOURGES,2,0,27,25,9,9,Oui
06180006,BOURGES TENNIS CLUB MUNICIPAL  ,CHER,18000,BOURGES,6,3,295,308,28,28,Oui
06180014,SPORTS ATHLETIQUES VIERZONNAIS ,CHER,18100,VIERZON,9,4,211,235,25,22,Oui
06180262,SAINT ELOY DE GY TENNIS CLUB,CHER,18110,SAINT ELOY DE GY,2,0,62,68,15,16,Oui
06180623,TENNIS CLUB SAINT MARTIN,CHER,18110,SAINT MARTIN D'AUXIGNY,2,0,68,62,12,10,Oui
06180778,ASSOCIATION SPORTIVE VASSELAYSIENNE,CHER,18110,VASSELAY,1,0,20,19,6,4,Non
06180775,TENNIS CLUB DE LAZENAY,CHER,18120,LAZENAY,1,0,3,5,0,0,Non
06180605,TENNIS CLUB DU VAL D'ARNON ,CHER,18120,LURY SUR ARNON,2,0,37,45,8,7,Oui
06180599,MASSAY TENNIS CLUB,CHER,18120,MASSAY,2,0,39,45,7,7,Oui
06180766,TENNIS CLUB DE MEREAU ,CHER,18120,MEREAU,2,0,59,53,7,6,Oui
06180322,TC MUNICIPAL DE PREUILLY,CHER,18120,PREUILLY,4,1,95,99,20,20,Oui
06180409,TENNIS CLUB DE QUINCY ,CHER,18120,QUINCY,2,0,21,22,5,4,Oui
06180138,TENNIS CLUB DES REMPARTS DE DUN,CHER,18130,DUN SUR AURON,3,0,98,88,15,12,Oui
06180708,OSMERY TENNIS CLUB,CHER,18130,OSMERY,1,0,20,0,1,0,Oui
06180781,USH TENNIS,CHER,18140,HERRY,1,0,8,13,0,0,Non
06180777,TENNIS CLUB DE SANCERGUES,CHER,18140,SANCERGUES,0,1,45,43,8,7,Oui
06180483,CLUB OMNISPORTS DE CUFFY ,CHER,18150,CUFFY,3,0,40,46,17,13,Oui
06180253,TENNIS CLUB LA GUERCHE SUR L'AUBOIS ,CHER,18150,LA GUERCHE SUR L'AUBOIS,2,1,76,89,13,15,Oui
06180324,TENNIS CLUB LIGNIEROIS,CHER,18160,LIGNIERES,2,0,46,57,13,13,Oui
06180541,TENNIS CLUB LE CHATELET,CHER,18170,LE CHATELET,2,0,5,11,0,0,Oui
06180427,TENNIS CLUB CASTELNEUVIENS,CHER,18190,CHATEAUNEUF,2,0,35,36,6,6,Oui
06180518,TENNIS CLUB D'ORVAL,CHER,18200,ORVAL,2,0,24,22,4,5,Oui
06180009,SPORTING CLUB SAINT AMAND TENNIS ,CHER,18200,ST AMAND MONTROND,4,2,189,205,25,29,Oui
06180146,TENNIS CLUB SAINT DOULCHARD ,CHER,18230,SAINT DOULCHARD,10,6,318,314,32,31,Oui
06180421,LA JEUNESSE SPORTIVE BOULLERET,CHER,18240,BOULLERET,2,1,35,37,10,7,Oui
06180501,T.C.DE LERE,CHER,18240,LERE,2,1,77,84,21,17,Oui
06180776,T.C. LA BALANCE - JARS LE NOYER ,CHER,18260,JARS,2,0,76,114,5,4,Oui
06180472,VAILLY TENNIS CLUB,CHER,18260,VAILLY SUR SAULDRE,1,0,40,44,9,4,Oui
06180513,A.S. CULAN SECTION TENNIS,CHER,18270,CULAN,2,0,10,9,3,4,Oui
06180685,PLOU UNION SPORTIVE,CHER,18290,PLOU,1,0,28,30,6,7,Non
06180012,T.C. SANCERRE SAINT-SATUR  ,CHER,18300,SAINT SATUR,5,2,141,156,24,23,Oui
06180433,CLUB COMMUNAL TENNIS GRACAY,CHER,18310,GRACAY,4,0,0,0,0,0,Oui
06180676,TENNIS CLUB BEFFOIS ,CHER,18320,BEFFES,2,0,30,43,5,4,Oui
06180580,T.C. MARSEILLES LES AUBIGNY,CHER,18320,MARSEILLES LES AUBIGNY,2,0,78,74,11,9,Oui
06180416,TC2N ,CHER,18330,NEUVY SUR BARANGEON,5,0,121,136,30,30,Oui
06180445,TENNIS CLUB DE LEVET ,CHER,18340,LEVET,2,0,56,78,7,5,Oui
06180780,COUNTRY TENNIS ET SQUASH CLUB DE BOURGES,CHER,18340,PLAIMPIED GIVAUDINS,1,0,7,8,2,1,Non
06180438,T.C. PLAIMPIED GIVAUDINS  ,CHER,18340,PLAIMPIED-GIVAUDINS,2,0,118,123,19,16,Oui
06180309,U.S. SAINT JUST (TENNIS),CHER,18340,ST JUST,1,0,5,5,0,0,Non
06180391,TENNIS CLUB DE NERONDES OUROUER,CHER,18350,NERONDES,1,1,51,59,5,4,Oui
06180341,TENNIS CLUB DE CHATEAUMEILLANT,CHER,18370,CHATEAUMEILLANT,2,1,0,0,0,0,Oui
06180607,TENNIS CLUB SAINT GERMINOIS ,CHER,18390,SAINT GERMAIN DU PUY,3,0,47,45,12,15,Oui
06180007,BOURGES ASPTT. ,CHER,18390,ST GERMAIN DU PUY,4,1,139,138,21,19,Oui
06180184,TENNIS CLUB DE ROSIERES,CHER,18400,LUNERY,2,0,36,37,9,9,Oui
06180011,FLORENTAISE UNION SPORTIVE ,CHER,18400,ST FLORENT SUR CHER,3,0,99,111,21,18,Oui
06180379,ARGENTAIS CLUB SPORTIF  ,CHER,18410,ARGENT SUR SAULDRE,3,1,27,33,9,11,Oui
06180454,TENNIS CLUB SOLOGNE,CHER,18410,BRINON SUR SAULDRE,2,1,20,30,2,3,Oui
06180316,A.S.L. ALLOUIS TENNIS ,CHER,18500,ALLOUIS,2,0,55,55,14,12,Oui
06180678,BERRY-BOUY TENNIS CLUB,CHER,18500,BERRY-BOUY,1,0,14,14,5,4,Non
06180538,MARMAGNE TENNIS CLUB,CHER,18500,MARMAGNE,2,0,32,55,8,18,Oui
06180192,TENNIS CLUB DE MEHUN ,CHER,18500,MEHUN SUR YEVRE,4,1,54,83,9,12,Oui
06180578,C.S. VIGNOUX SUR BARANGEON,CHER,18500,VIGNOUX SUR BARANGEON,2,0,29,33,5,6,Oui
06180630,C. DE TENNIS DE MENETOU SALON,CHER,18510,MENETOU-SALON,2,0,46,49,3,4,Oui
06180606,TENNIS CHAPELLOIS ,CHER,18570,LA CHAPELLE SAINT URSIN,2,1,112,130,17,16,Oui
06180468,TENNIS CLUB LE SUBDRAY,CHER,18570,LE SUBDRAY,2,0,31,33,8,7,Oui
06180396,MORTHOMIERS TENNIS CLUB,CHER,18570,MORTHOMIERS,2,0,20,0,1,0,Non
06180737,TENNIS CLUB TROUY ,CHER,18570,TROUY,2,0,15,24,4,3,Oui
06180010,TENNIS CLUB DE SANCOINS ,CHER,18600,SANCOINS,2,1,61,49,14,7,Oui
06180001,ES AUBIGNY TENNIS ,CHER,18700,AUBIGNY SUR NERE,4,0,89,88,17,20,Oui
06180429,CLUB TENNIS OIZON,CHER,18700,OIZON,2,0,9,23,4,4,Oui
06280017,TENNIS CLUB DE CHARTRES ,EURE ET LOIR,28000,CHARTRES,6,5,537,560,36,39,Oui
06280145,L'HORIZON DE BEAULIEU,EURE ET LOIR,28000,CHARTRES,2,0,19,21,1,2,Oui
06280196,CHARTRES MMA SPORT,EURE ET LOIR,28000,CHARTRES,2,1,13,14,5,4,Oui
06280197,MADELEINE SPORTS ET DETENTE ,EURE ET LOIR,28000,CHARTRES,2,3,201,234,12,18,Oui
06280020,DREUX ATHLETIC CLUB ,EURE ET LOIR,28100,DREUX,8,3,399,421,22,34,Oui
06280023,AMICALE DE LUCE ,EURE ET LOIR,28110,LUCE,5,5,318,349,27,38,Oui
06280149,UNIVERSITE POPULAIRE D'ILLIERS,EURE ET LOIR,28120,ILLIERS COMBRAY,2,1,120,133,8,11,Oui
06280609,AS. DES TENNIS DE HANCHES ,EURE ET LOIR,28130,HANCHES,2,0,95,99,6,11,Oui
06280247,ENTENTE SP. MAINTENON PIERRES ,EURE ET LOIR,28130,MAINTENON,1,1,152,176,12,12,Oui
06280626,E.S.C. DE MEVOISINS ,EURE ET LOIR,28130,MEVOISINS,2,0,35,32,0,4,Oui
06280375,VIGILANTE BOISVILLE LA ST PERE ,EURE ET LOIR,28150,BOISVILLE LA SAINT PERE,2,0,54,31,7,7,Oui
06280725,TENNIS CLUB OUARVILLE,EURE ET LOIR,28150,OUARVILLE,1,0,0,0,0,0,Oui
06280536,TENNIS CLUB VOVEEN ,EURE ET LOIR,28150,VOVES,2,0,95,89,6,9,Oui
06280744,ASSOCIATION TENNIS D'YMONVILLE,EURE ET LOIR,28150,YMONVILLE,1,0,0,8,0,0,Non
06280015,ETOILE DE BROU,EURE ET LOIR,28160,BROU,2,0,102,98,6,8,Oui
06280558,UNION SPORTIVE DE YEVRES ,EURE ET LOIR,28160,YEVRES,2,0,14,11,0,0,Oui
06280019,ASSOCIATION SPORTIVE THYMERAIS,EURE ET LOIR,28170,CHATEAUNEUF EN THYMERAIS,2,0,100,96,6,9,Oui
06280765,ASSOCIATION TENNIS CLUB TREMBLAY LES VILLAGES ,EURE ET LOIR,28170,TREMBLAY LES VILLAGES,1,0,3,11,1,2,Non
06280361,AMICALE COURVILLOISE ,EURE ET LOIR,28190,COURVILLE SUR EURE,2,1,129,133,10,7,Oui
06280611,METALOR CONTACT FRANCE,EURE ET LOIR,28190,COURVILLE SUR EURE,0,1,0,0,1,1,Non
06280650,TENNIS CLUB DE SAINT-LUPERCE,EURE ET LOIR,28190,SAINT LUPERCE,2,1,111,100,6,12,Oui
06280018,TENNIS CLUB DUNOIS  ,EURE ET LOIR,28200,CHATEAUDUN,3,2,277,303,18,23,Oui
06280244,T.C.M. LA CHAPELLE DU NOYER,EURE ET LOIR,28200,LA CHAPELLE DU NOYER,2,0,76,72,6,9,Oui
06280517,TENNIS CLUB PONTOIS,EURE ET LOIR,28200,SAINT DENIS LES PONTS,2,1,59,62,11,11,Oui
06280746,ASSOCIATION SPORTIVE DE THIVILLE,EURE ET LOIR,28200,THIVILLE,1,0,0,6,0,0,Non
06280025,ES NOGENT LE ROI TENNIS ,EURE ET LOIR,28210,NOGENT LE ROI,4,2,164,223,27,32,Oui
06280487,TENNIS CLUB DE VILLEMEUX,EURE ET LOIR,28210,VILLEMEUX SUR EURE,2,0,28,34,4,6,Oui
06280682,ASSOCIATION CLOYSIENNE DE TENNIS,EURE ET LOIR,28220,CLOYES SUR LE LOIR,4,0,75,89,6,10,Oui
06280151,AMICALE D'EPERNON  ,EURE ET LOIR,28230,EPERNON,5,4,376,389,21,32,Oui
06280621,A.S. SEALED AIR,EURE ET LOIR,28230,EPERNON,3,2,10,15,7,8,Non
06280022,STADE LOUPEEN ,EURE ET LOIR,28240,LA LOUPE,2,1,84,79,10,15,Oui
06280203,TENNIS CLUB SENONCHOIS,EURE ET LOIR,28250,SENONCHES,2,0,20,26,0,0,Oui
06280154,A.L.T. D'ANET ,EURE ET LOIR,28260,Sorel-Moussel,3,1,125,122,13,22,Oui
06280264,TENNIS CLUB DE BREZOLLES ,EURE ET LOIR,28270,BREZOLLES,3,1,158,154,18,26,Oui
06280703,TENNIS CLUB ARROU,EURE ET LOIR,28290,ARROU,2,0,9,0,0,0,Non
06280713,BAILLEAU L'EVEQUE SPORT TENNIS ,EURE ET LOIR,28300,BAILLEAU L'EVEQUE,2,0,0,0,0,0,Oui
06280546,FOYER DES JEUNES CHAMPHOL,EURE ET LOIR,28300,CHAMPHOL,2,0,110,106,5,8,Oui
06280187,LEVOIS TENNIS CLUB,EURE ET LOIR,28300,LEVES,2,1,219,191,7,15,Oui
06280031,CS MAINVILLIERS - ASPTT  ,EURE ET LOIR,28300,MAINVILLIERS,5,3,390,475,23,34,Oui
06280697,JOUY ST PREST ETOILE SPORTIVE ,EURE ET LOIR,28300,SAINT PREST,3,0,85,71,8,3,Oui
06280142,TENNIS CLUB TOURYSIEN ,EURE ET LOIR,28310,TOURY,2,2,75,78,12,15,Oui
06280028,AMICALE DE GALLARDON,EURE ET LOIR,28320,GALLARDON,4,0,28,33,3,4,Oui
06280347,TENNIS CLUB AUTHON DU PERCHE,EURE ET LOIR,28330,AUTHON DU PERCHE,2,0,19,29,1,1,Oui
06280495,CLUB DE T. DE LA BAZOCHE GOUET,EURE ET LOIR,28330,LA BAZOCHE GOUET,2,0,11,24,0,0,Non
06280206,CLUB TENNIS LA FERTE VIDAME ,EURE ET LOIR,28340,LA FERTE VIDAME,2,1,101,95,3,3,Oui
06280686,DAMMARIE TENNIS CLUB,EURE ET LOIR,28360,DAMMARIE,1,0,91,80,8,13,Oui
06280267,UNION AMICALE SPORT LUPLANTE,EURE ET LOIR,28360,LUPLANTE,1,0,0,6,0,0,Non
06280298,SECT. TENNIS PRUNAY LE GILLON,EURE ET LOIR,28360,PRUNAY LE GILLON,1,0,0,3,0,0,Oui
06280027,TC JC ST REMY / AVRE ,EURE ET LOIR,28380,SAINT REMY SUR AVRE,2,0,54,52,8,10,Oui
06280026,TENNIS CLUB NOGENTAIS ,EURE ET LOIR,28400,NOGENT LE ROTROU,2,4,142,172,12,19,Oui
06280662,TENNIS CLUB D'ABONDANT,EURE ET LOIR,28410,ABONDANT,2,0,9,15,0,0,Oui
06280757,ASSOCIATION DU TENNIS BUXOIS,EURE ET LOIR,28410,BU,1,0,42,41,3,2,Oui
06280604,TENNIS CLUB DE COMBRES,EURE ET LOIR,28480,COMBRES,1,0,17,24,6,8,Oui
06280370,THIRON TENNIS CLUB ,EURE ET LOIR,28480,THIRON GARDAIS,2,2,48,50,4,8,Oui
06280700,CHERISY TENNIS CLUB,EURE ET LOIR,28500,CHERISY,2,0,22,22,0,0,Oui
06280768,TENNIS CLUB DE TREON ,EURE ET LOIR,28500,TREON,1,0,28,29,2,3,Oui
06280207,CLUB OMNISPORTS VERNOUILLET ,EURE ET LOIR,28500,VERNOUILLET,2,1,46,55,4,6,Oui
06280016,ESSOR DES CARNUTES,EURE ET LOIR,28600,LUISANT,2,0,10,12,0,0,Non
06280024,TENNIS CLUB DE LUISANT ,EURE ET LOIR,28600,LUISANT,1,1,114,102,6,6,Oui
06280401,BARJOUVILLE SPORTS CULT. LOIS. ,EURE ET LOIR,28630,BARJOUVILLE,1,1,42,50,4,4,Oui
06280330,A.S.BERCHERES LES PIERRES,EURE ET LOIR,28630,BERCHERES LES PIERRES,1,0,0,0,0,0,Oui
06280021,TENNIS CLUB FONTENAY SUR EURE  ,EURE ET LOIR,28630,FONTENAY SUR EURE,2,3,142,152,14,27,Oui
06280724,TENNIS CLUB COUDRAY ,EURE ET LOIR,28630,LE COUDRAY,2,2,321,322,10,13,Oui
06280770,ASSOCIATION "LES TENNIS DU PHAYE",EURE ET LOIR,28630,NOGENT LE PHAYE,1,0,21,20,0,0,Non
06280557,VER LES CHARTRES A.S. & L.,EURE ET LOIR,28630,VER LES CHARTRES,2,0,0,0,0,0,Non
06280423,TENNIS CLUB AUNAY SOUS AUNEAU ,EURE ET LOIR,28700,AUNAY SOUS AUNEAU,2,0,7,14,2,2,Oui
06280130,ENTENTE SPORTIVE ALNELOISE ,EURE ET LOIR,28700,AUNEAU,4,0,115,126,11,15,Oui
06280342,TENNIS CLUB BEVILLOIS ,EURE ET LOIR,28700,BEVILLE LE COMTE,2,1,13,14,2,3,Non
06280393,DENONVILLOIS TENNIS CLUB,EURE ET LOIR,28700,DENONVILLE,1,0,27,39,2,2,Oui
06280640,FRANCOURVILLE LOISIR & DETENTE,EURE ET LOIR,28700,FRANCOURVILLE,2,0,8,8,1,1,Non
06280359,OYSONVILLE TENNIS CLUB,EURE ET LOIR,28700,OYSONVILLE,2,0,10,13,2,3,Non
06280593,SAINVILLE TENNIS CLUB,EURE ET LOIR,28700,SAINVILLE,2,0,25,23,3,2,Non
06280255,TENNIS CLUB DE BONNEVAL,EURE ET LOIR,28800,BONNEVAL,2,1,129,120,17,23,Oui
,AMICALE LAIQUE DE CHATEAUROUX,INDRE,,,0,0,10,10,10,9,Non
06360034,CHATEAUROUX ASPTT. ,INDRE,36000,CHATEAUROUX,8,7,261,241,13,42,Oui
06360314,CHATEAUROUX TENNIS CLUB  ,INDRE,36000,CHATEAUROUX,12,9,416,602,19,59,Oui
06360451,UNION SPORTIVE SEGRY-CHOUDAY,INDRE,36100,CHOUDAY,1,1,37,44,2,5,Oui
06360037,ISSOUDUN TENNIS CLUB,INDRE,36100,ISSOUDUN,3,2,166,166,12,21,Oui
06360290,ASS TENNIS NEUVY PAILLOUX,INDRE,36100,NEUVY PAILLOUX,2,1,63,70,2,3,Oui
06360235,TENNIS ASSOCIATION LEVROUSAINE ,INDRE,36110,LEVROUX,3,2,94,102,7,16,Oui
06360110,TENNIS CLUB ARDENTAIS,INDRE,36120,ARDENTES,3,0,71,58,2,7,Oui
06360447,ETRECHET EVEIL SPORTIF ,INDRE,36120,ETRECHET,2,1,45,53,2,6,Oui
06360237,TENNIS CLUB DEOLS ,INDRE,36130,DEOLS,3,2,115,155,8,21,Oui
06360695,DIORS TENNIS CLUB ,INDRE,36130,DIORS,2,2,121,134,10,23,Oui
06360299,UNION SPORTIVE MONTIERCHAUME,INDRE,36130,MONTIERCHAUME,2,1,34,43,2,2,Oui
06360136,AIGURANDAISE UNION SPORTIVE,INDRE,36140,AIGURANDE,2,0,47,52,3,6,Oui
06360643,VATAN TENNIS CLUB,INDRE,36150,VATAN,2,0,34,36,0,0,Oui
06360485,POULIGNY NOTRE DAME TENNIS CLUB,INDRE,36160,POULIGNY NOTRE DAME,2,0,0,0,0,0,Non
06360228,SAINTE-SEVERE TENNIS CLUB ,INDRE,36160,SAINTE SEVERE,2,1,45,53,4,6,Oui
06360641,TENNIS CLUB SAINT BENOIT DU SAULT,INDRE,36170,SAINT BENOIT DU SAULT,0,1,37,49,3,4,Oui
06360032,ARGENTON UNION SPORTIVE  ,INDRE,36200,ARGENTON SUR CREUSE,4,3,177,255,14,22,Oui
06360033,TENNIS CLUB CHABRIS,INDRE,36210,CHABRIS,3,0,28,32,2,3,Oui
06360691,MARTIZAY TENNIS CLUB,INDRE,36220,MARTIZAY,1,0,43,46,2,5,Oui
06360181,NEUVY SAINT SEPULCHRE U. S.,INDRE,36230,NEUVY SAINT SEPULCRE,2,1,0,0,0,0,Oui
06360204,TENNIS CLUB ECUEILLE,INDRE,36240,ECUEILLE,2,1,58,53,4,6,Oui
06360563,TENNIS CLUB DE NIHERNE  ,INDRE,36250,NIHERNE,2,2,49,75,6,12,Oui
06360259,TENNIS CLUB REUILLY ,INDRE,36260,REUILLY,2,0,2,4,0,0,Oui
06360389,TENNIS CLUB DE SAINTE LIZAIGNE,INDRE,36260,SAINTE LIZAIGNE,2,0,0,0,0,0,Oui
06360241,CLUB SPORTIF EGUZONNAIS,INDRE,36270,EGUZON,3,0,30,49,2,10,Oui
06360777,TC FERRONNAIS,INDRE,36290,AZAY LE FERRON,2,0,28,29,0,3,Oui
06360040,C. T. DE MEZIERES EN BRENNE,INDRE,36290,MEZIERES EN BRENNE,2,1,39,46,3,5,Oui
06360039,TENNIS CLUB BLANCOIS ,INDRE,36300,LE BLANC,2,2,154,147,11,21,Oui
06360781,TENNIS CLUB DE CHAILLAC ,INDRE,36310,CHAILLAC,2,0,12,7,0,1,Oui
06360354,TENNIS CLUB VILLEDIEU,INDRE,36320,VILLEDIEU,2,0,19,31,0,1,Oui
06360399,POINCONNET UNION SPORTIVE ,INDRE,36330,LE POINCONNET,3,2,240,250,20,36,Oui
06360131,TENNIS CLUB DE CLUIS,INDRE,36340,CLUIS,2,1,23,25,2,4,Non
06360693,LUANT TENNIS CLUB,INDRE,36350,LUANT,2,0,21,19,0,1,Oui
06360516,TENNIS CLUB DE LUCAY LE MALE,INDRE,36360,LUCAY LE MALE,2,1,37,48,6,9,Oui
06360497,BALABRAISE TENNIS CLUB,INDRE,36370,BELABRE,2,0,0,0,0,0,Non
06360780,CLUB DE TENNIS DE PRISSAC,INDRE,36370,PRISSAC,1,0,3,5,0,0,Oui
06360038,LA CHATRE UNION SPORTIVE ,INDRE,36400,LA CHATRE,3,1,124,122,10,14,Oui
06360225,ALLIANCE C.S. BUZANCAIS ,INDRE,36500,BUZANCAIS,2,2,95,77,4,7,Oui
06360353,TENNIS CLUB DE VALENCAY ,INDRE,36600,VALENCAY,6,1,63,58,3,7,Oui
06360036,TENNIS CLUB DE CHATILLON ,INDRE,36700,CHATILLON SUR INDRE,3,1,68,88,4,13,Oui
06360528,TENNIS ATHLETIC CLUB CLION,INDRE,36700,CLION,2,0,0,29,0,2,Non
06360186,TENNIS CLUB DE SAINT GAULTIER ,INDRE,36800,SAINT GAULTIER,3,1,124,129,5,8,Oui
,ASSOCIATION DE TENNIS DE BEAUMONT LA RONCE,INDRE ET LOIRE,,,0,0,85,87,6,5,Oui
06370065,TOURS A.S. PERSONNEL MUNICIPAL,INDRE ET LOIRE,37000,TOURS,1,0,26,25,12,11,Non
06370160,BANQUE POPULAIRE VAL DE FRANCE,INDRE ET LOIRE,37000,TOURS,1,0,0,4,5,5,Non
06370171,CREDIT AGRICOLE TENNIS CLUB,INDRE ET LOIRE,37000,TOURS,0,1,10,12,2,2,Non
06370317,A.T. GRAND TOURS ,INDRE ET LOIRE,37000,TOURS,13,8,614,733,39,47,Oui
06370058,GAZELEC SC TOURS,INDRE ET LOIRE,37100,SAINT CYR SUR LOIRE,2,1,23,24,15,14,Non
06370107,TOURS TENNIS CLUB ,INDRE ET LOIRE,37100,TOURS,9,7,828,907,41,44,Oui
06370112,TC GENTIANA ,INDRE ET LOIRE,37100,TOURS,2,1,41,24,3,3,Oui
06370159,C.S.A BASE AERIENNE TOURS,INDRE ET LOIRE,37100,TOURS,2,1,5,5,3,2,Non
06370201,SANOFI AVENTIS,INDRE ET LOIRE,37100,TOURS,0,0,4,5,2,2,Non
06370118,CASTELRENAUDIN TENNIS CLUB,INDRE ET LOIRE,37110,CHATEAURENAULT,2,1,60,72,12,12,Oui
06370664,VILLEDOMER AUZOUER TENNIS CLUB ,INDRE ET LOIRE,37110,VILLEDOMER,3,0,114,91,11,17,Oui
06370193,TENNIS CLUB RICHELIEU,INDRE ET LOIRE,37120,RICHELIEU,3,0,12,38,1,1,Oui
06370715,T.C. DE CINQ MARS LA PILE ,INDRE ET LOIRE,37130,CINQ MARS LA PILE,3,0,66,73,20,20,Oui
06370381,SPORTING CLUB LANGEAIS,INDRE ET LOIRE,37130,LANGEAIS,2,2,97,81,13,12,Oui
06370045,BOURGUEIL ENTENTE SPORTIVE ,INDRE ET LOIRE,37140,BOURGUEIL,3,4,114,117,7,6,Oui
06370121,SPORTING CLUB CHOUZE SUR LOIRE,INDRE ET LOIRE,37140,CHOUZE SUR LOIRE,2,0,14,21,2,2,Oui
06370437,NICOLAISIENNE UNION SPORTIVE,INDRE ET LOIRE,37140,ST NICOLAS DE BOURGUEIL,1,1,33,30,10,10,Oui
06370063,TENNIS BLERE VAL DE CHER,INDRE ET LOIRE,37150,BLERE,4,1,217,233,27,25,Oui
06370048,TENNIS CLUB DE DESCARTES ,INDRE ET LOIRE,37160,DESCARTES,2,2,98,112,19,23,Oui
06370055,TENNIS CLUB JOCONDIEN ,INDRE ET LOIRE,37170,CHAMBRAY LES TOURS,4,6,599,703,42,42,Oui
06370343,US. CHAMBRAY ,INDRE ET LOIRE,37170,CHAMBRAY LES TOURS,4,2,310,320,24,22,Oui
06370250,AZAY CHEILLE TENNIS CLUB ,INDRE ET LOIRE,37190,AZAY LE RIDEAU,4,1,45,59,7,10,Oui
06370470,ETOILE SPORTIVE DE DRUYE,INDRE ET LOIRE,37190,DRUYE,1,0,7,7,1,1,Oui
06370462,AVIONNETTE PARCAY MESLAY,INDRE ET LOIRE,37210,PARCAY MESLAY,2,1,87,89,12,12,Oui
06370052,ASPTT TOURS ,INDRE ET LOIRE,37210,ROCHECORBON,4,3,145,253,24,35,Oui
06370418,AS. SPORTIVE DE ROCHECORBON ,INDRE ET LOIRE,37210,ROCHECORBON,2,1,37,41,6,6,Oui
06370332,VERNOU TENNIS CLUB,INDRE ET LOIRE,37210,VERNOU SUR BRENNE,2,0,136,123,14,11,Oui
06370155,TENNIS CLUB DE VOUVRAY,INDRE ET LOIRE,37210,VOUVRAY,3,1,40,43,3,3,Oui
06370111,TENNIS CLUB BOUCHARDAIS,INDRE ET LOIRE,37220,L'ILE BOUCHARD,3,1,48,37,8,4,Oui
06370157,TOURS USFEN ,INDRE ET LOIRE,37230,FONDETTES,2,3,0,0,5,5,Non
06370366,ALERTE SPORTIVE DE FONDETTES ,INDRE ET LOIRE,37230,FONDETTES,4,2,187,211,21,18,Oui
06370173,LUYNES ASSOCIATION SPORTIVE,INDRE ET LOIRE,37230,LUYNES,0,2,178,204,13,11,Oui
06370532,TENNIS CLUB CHAPELLOIS,INDRE ET LOIRE,37240,LA CHAPELLE BLANCHE,1,0,6,6,3,3,Non
06370049,TENNIS CLUB DE LIGUEIL ,INDRE ET LOIRE,37240,LIGUEIL,2,1,44,49,6,6,Oui
06370415,TENNIS CLUB DE MANTHELAN,INDRE ET LOIRE,37240,MANTHELAN,2,0,70,66,10,9,Oui
06370119,TENNIS CLUB VAL DE L'INDRE ,INDRE ET LOIRE,37250,MONTBAZON,4,2,188,232,21,22,Oui
06370545,SORIGNY A. SPORTIVE TENNIS,INDRE ET LOIRE,37250,SORIGNY,2,1,60,75,10,12,Oui
06370061,A.S. RIPAULT TENNIS,INDRE ET LOIRE,37260,MONTS,3,3,7,10,5,5,Oui
06370263,AS MONTS TENNIS  ,INDRE ET LOIRE,37260,MONTS,2,1,127,155,22,24,Oui
06370654,PONT DE RUAN TENNIS CLUB,INDRE ET LOIRE,37260,PONT DE RUAN,2,0,55,46,4,2,Oui
06370346,TENNIS CLUB ATTEGIEN,INDRE ET LOIRE,37270,ATHEE SUR CHER,2,0,89,82,11,11,Oui
06370560,AZAY SUR CHER TENNIS CLUB ,INDRE ET LOIRE,37270,AZAY SUR CHER,2,1,96,93,19,17,Oui
06370577,ASSOCIATION SPORTIVE DE LARCAY  ,INDRE ET LOIRE,37270,LARCAY,2,2,151,166,21,21,Oui
06370162,ALERTE SPORTIVE MONTLOUIS ,INDRE ET LOIRE,37270,MONTLOUIS SUR LOIRE,4,2,225,236,32,33,Oui
06370408,TENNIS CLUB SAINT MARTIN LE BEAU,INDRE ET LOIRE,37270,SAINT MARTIN LE BEAU,2,0,49,68,5,7,Oui
06370478,ASSOCIATION SPORTIVE VERETZ ,INDRE ET LOIRE,37270,VERETZ,2,1,59,67,8,11,Oui
06370774,ASS. SPORTS ET LOISIRS MICHELIN SECTION TENNIS,INDRE ET LOIRE,37300,JOUE LES TOURS,1,1,24,23,7,7,Oui
06370777,TENNIS CLUB CHAMBOURGEOIS,INDRE ET LOIRE,37310,CHAMBOURG SUR INDRE,2,0,61,66,8,8,Oui
06370457,UNION SPORTIVE DE REIGNAC ,INDRE ET LOIRE,37310,REIGNAC SUR INDRE,2,1,105,93,12,16,Oui
06370782,TENNIS CLUB TAUXIGNY,INDRE ET LOIRE,37310,TAUXIGNY,1,0,0,0,0,0,Non
06370287,TENNIS CLUB DE CORMERY,INDRE ET LOIRE,37320,CORMERY,2,0,27,42,0,0,Oui
06370189,TENNIS CLUB D'ESVRES ,INDRE ET LOIRE,37320,ESVRES,3,1,128,122,17,18,Oui
06370439,SAINT BRANCHS A. SPORTIVE,INDRE ET LOIRE,37320,SAINT BRANCHS,1,1,20,22,3,3,Oui
06370505,TRUYES TENNIS CLUB  ,INDRE ET LOIRE,37320,TRUYES,2,2,136,158,21,19,Oui
06370046,T.C. DE CHATEAU LA VALLIERE,INDRE ET LOIRE,37330,CHATEAU LA VALLIERE,3,0,26,28,1,3,Oui
06370717,TENNIS LOISIRS GIZEUX,INDRE ET LOIRE,37340,GIZEUX,1,0,16,16,1,1,Oui
06370776,TENNIS CLUB SAVIGNEEN,INDRE ET LOIRE,37340,SAVIGNE SUR LATHAN,1,1,33,27,2,2,Oui
06370424,TENNIS CLUB PRESSIGNOIS,INDRE ET LOIRE,37350,LE GRAND PRESSIGNY,2,0,2,6,1,1,Non
06370140,JEUN.SPORT.NEUILLE PT PIERRE,INDRE ET LOIRE,37360,NEUILLE PONT PIERRE,2,0,59,46,11,6,Oui
06370653,SPORTING CLUB DE SEMBLANCAY,INDRE ET LOIRE,37360,SEMBLANCAY,1,1,51,55,8,8,Oui
06370785,AVENIR DE SONZAY SECTION TENNIS,INDRE ET LOIRE,37360,SONZAY,1,0,18,18,0,0,Oui
06370762,TENNIS CLUB DE LA DEME,INDRE ET LOIRE,37370,CHEMILLE SUR DEME,1,0,19,1,0,0,Oui
06370339,TENNIS CLUB NEUVY LE ROI,INDRE ET LOIRE,37370,NEUVY LE ROI,1,1,104,110,12,11,Oui
06370522,T.C. DE SAINT PATERNE RACAN,INDRE ET LOIRE,37370,ST PATERNE RACAN,2,0,49,47,8,7,Oui
06370463,TENNIS CLUB DE MONNAIE ,INDRE ET LOIRE,37380,MONNAIE,1,1,129,136,13,14,Oui
06370229,ADAS-INRA,INDRE ET LOIRE,37380,NOUZILLY,2,1,25,28,7,5,Non
06370566,AS CHANCEAUX TENNIS ,INDRE ET LOIRE,37390,CHANCEAUX SUR CHOISILLE,2,2,185,191,21,23,Oui
06370784,US CHARENTILLY,INDRE ET LOIRE,37390,CHARENTILLY,1,0,0,0,0,0,Non
06370147,TENNIS CLUB MEMBROLLAIS,INDRE ET LOIRE,37390,LA MEMBROLLE SUR CHOISILLE,3,2,258,296,30,29,Oui
06370420,JEUNESSE SPORT. METTRAY TENNIS ,INDRE ET LOIRE,37390,METTRAY,1,1,189,198,23,21,Oui
06370570,ETOILE SPORTIVE OESIENNE S.T. ,INDRE ET LOIRE,37390,NOTRE DAME D OE,2,0,90,88,14,14,Oui
06370043,ATHLETIC CLUB AMBOISE  ,INDRE ET LOIRE,37400,AMBOISE,10,4,300,282,21,26,Oui
06370200,PFIZER CIE,INDRE ET LOIRE,37400,AMBOISE,2,0,0,3,2,5,Non
06370044,ELECTRIQUE AVOINE UNION SPORTIVE ,INDRE ET LOIRE,37420,AVOINE,4,4,254,250,42,42,Oui
06370594,A.S. DE T. DE SAVIGNY EN VERON,INDRE ET LOIRE,37420,SAVIGNY EN VERON,2,0,10,9,2,1,Oui
06370323,U.S. DE GENILLE TENNIS CLUB ,INDRE ET LOIRE,37460,GENILLE,2,0,28,32,6,6,Oui
06370687,UNION SPORTIVE ORBIGNY TENNIS,INDRE ET LOIRE,37460,ORBIGNY,1,0,0,0,0,0,Oui
06370047,CHINON TENNIS CLUB ,INDRE ET LOIRE,37500,CHINON,4,3,225,260,35,33,Oui
06370386,TENNIS CLUB DE BALLAN MIRE ,INDRE ET LOIRE,37510,BALLAN MIRE,3,3,153,168,19,20,Oui
06370704,SAVONNIERES TENNIS CLUB,INDRE ET LOIRE,37510,SAVONNIERES,2,1,107,111,12,13,Oui
06370242,TENNIS CLUB LA RICHE ,INDRE ET LOIRE,37520,LA RICHE,2,2,258,249,19,19,Oui
06370360,TENNIS CLUB DE NAZELLES NEGRON ,INDRE ET LOIRE,37530,NAZELLES NEGRON,3,0,54,67,7,7,Oui
06370775,CLUB DE TENNIS DE POCE SUR CISSE,INDRE ET LOIRE,37530,POCE SUR CISSE,2,0,47,48,1,0,Oui
06370212,REVEIL SPORTIF SAINT CYR S.LOIRE ,INDRE ET LOIRE,37540,SAINT CYR SUR LOIRE,6,3,463,446,31,33,Oui
06370344,CLUB ATHLETIQUE SKF,INDRE ET LOIRE,37540,SAINT CYR SUR LOIRE,1,0,12,13,3,3,Non
06370144,SAINT AVERTIN SPORTS ,INDRE ET LOIRE,37550,SAINT AVERTIN,5,4,340,376,29,29,Oui
06370310,G.S.C.L.T.SAINT AVERTIN,INDRE ET LOIRE,37550,ST AVERTIN,0,0,0,0,1,1,Non
06370050,TENNIS CLUB DU LOCHOIS ,INDRE ET LOIRE,37600,LOCHES,9,0,214,209,22,17,Oui
06370217,ETOILE SP LA VILLE AUX DAMES,INDRE ET LOIRE,37700,LA VILLE AUX DAMES,4,2,183,190,31,34,Oui
06370051,U.S. SAINT PIERRE DES CORPS ,INDRE ET LOIRE,37700,SAINT PIERRE DES CORPS,3,2,216,223,22,24,Oui
06370786,ASPO TOURS TENNIS  ,INDRE ET LOIRE,37700,ST PIERRE DES CORPS,2,1,34,47,4,4,Non
06370477,CRACC DU TENNIS SEPMOIS,INDRE ET LOIRE,37800,SEPMES,2,0,8,12,3,3,Oui
06370195,TENNIS CLUB DE SAINTE MAURE ,INDRE ET LOIRE,37800,STE MAURE DE TOURAINE,3,3,198,212,28,27,Oui
06410106,A.S.PTT BLOIS ,LOIR ET CHER,41000,BLOIS,2,2,184,197,18,32,Oui
06410177,ABEILLE DES AYDES BLOIS ,LOIR ET CHER,41000,BLOIS,1,1,123,123,4,9,Oui
06410202,AS. SPORTIVE DU NOUVEAU BLOIS ,LOIR ET CHER,41000,BLOIS,4,0,34,34,4,12,Oui
06410213,A.S. CREDIT AGRICOLE MUTUEL,LOIR ET CHER,41000,BLOIS,2,0,0,0,1,1,Non
06410268,ROTO SPORTS,LOIR ET CHER,41000,BLOIS,2,0,25,40,10,12,Oui
06410394,TENNIS CLUB SAINT SULPICE DE POMMERAY,LOIR ET CHER,41000,SAINT SULPICE,1,1,60,54,6,16,Oui
06410380,TENNIS CLUB DE VILLEBAROU ,LOIR ET CHER,41000,VILLEBAROU,2,0,102,81,10,9,Oui
06410473,TENNIS CLUB DE NAVEIL ,LOIR ET CHER,41100,NAVEIL,2,1,80,57,4,8,Oui
06410377,AMICALE LAIQUE SAINT OUEN TENNIS ,LOIR ET CHER,41100,SAINT OUEN,2,2,92,96,8,16,Oui
06410071,VENDOME UNION SPORTIVE TENNIS ,LOIR ET CHER,41100,VENDOME,7,2,344,377,24,42,Oui
06410660,V.C.R.F. TENNIS CLUB,LOIR ET CHER,41100,VILLETRUN,2,0,0,11,0,2,Oui
06410770,TENNIS CLUB DE VILLIERS-AZE  ,LOIR ET CHER,41100,VILLIERS,3,0,37,39,3,7,Oui
06410573,TENNIS CLUB MAREUIL POUILLE ,LOIR ET CHER,41110,MAREUIL SUR CHER,2,0,10,9,1,3,Oui
06410137,ST AIGNAN NOYERS UNION SPORTIVE,LOIR ET CHER,41110,ST AIGNAN,4,0,104,115,11,19,Oui
06410422,TENNIS CLUB VAL DU BEUVRON  ,LOIR ET CHER,41120,CELLETTES,4,2,155,162,22,39,Oui
06410499,CHAILLES ASSOCIATION SPORTIVE,LOIR ET CHER,41120,CHAILLES,2,0,0,0,0,0,Oui
06410419,USCF LES MONTILS ,LOIR ET CHER,41120,LES MONTILS,1,1,104,99,12,25,Oui
06410680,TENNIS CLUB FOUGERES OUCHAMPS ,LOIR ET CHER,41120,OUCHAMPS,2,0,40,52,6,17,Oui
06410567,GIEVROIS TENNIS CLUB ,LOIR ET CHER,41130,GIEVRES,2,0,63,75,9,17,Oui
06410164,SELLES SUR CHER TENNIS CLUB ,LOIR ET CHER,41130,SELLES SUR CHER,4,1,126,140,13,29,Oui
06410673,TENNIS CLUB THESEEN,LOIR ET CHER,41140,THESEE,1,1,82,80,14,27,Oui
06410677,CHOUZY TENNIS CLUB ,LOIR ET CHER,41150,CHOUZY SUR CISSE,2,1,68,76,12,20,Oui
06410073,A.S. DE LA JEUNESSE ONZAIN ,LOIR ET CHER,41150,ONZAIN,3,0,58,70,9,8,Oui
06410367,TENNIS CLUB VILLAUCLERGEOIS,LOIR ET CHER,41160,LA VILLE AUX CLERCS,2,1,45,47,3,8,Oui
06410293,TENNIS VALLEE DU LOIR ,LOIR ET CHER,41160,MOREE,2,0,34,39,3,16,Oui
06410311,TENNIS CLUB DE MONDOUBLEAU,LOIR ET CHER,41170,MONDOUBLEAU,3,0,101,115,6,14,Oui
06410461,LA JEUNE FRANCE D'HERBAULT ,LOIR ET CHER,41190,HERBAULT,2,0,38,41,6,9,Oui
06410634,T.C SOLOGNE DES ETANGS  ,LOIR ET CHER,41200,MILLANCAY,7,2,188,202,16,26,Oui
06410312,PRUNIERS TENNIS CLUB,LOIR ET CHER,41200,PRUNIERS,2,1,86,100,11,19,Oui
06410070,TENNIS CLUB ROMORANTINAIS,LOIR ET CHER,41200,ROMORANTIN,4,4,328,356,36,56,Oui
06410300,E.S.VILLEFRANCHE SUR CHER TENNIS,LOIR ET CHER,41200,VILLEFRANCHE SUR CHER,3,1,68,68,12,18,Oui
06410148,C.ATHLET.ST LAURENT DES EAUX ,LOIR ET CHER,41220,ST LAURENT NOUAN,3,2,107,127,11,25,Oui
06410397,TENNIS CLUB MUROIS ,LOIR ET CHER,41230,MUR DE SOLOGNE,2,0,27,40,1,7,Oui
06410069,CLUB ATHLET OUZOUER LE MARC ,LOIR ET CHER,41240,OUZOUER LE MARCHE,2,2,92,79,4,12,Oui
06410356,U.S.F.E.N. 41,LOIR ET CHER,41250,BLOIS,0,0,1,1,8,4,Non
06410474,TENNIS CLUB BRACILIEN ,LOIR ET CHER,41250,BRACIEUX,2,1,35,35,4,1,Oui
06410272,AS. SPORTIVE GAZELEC BLOIS ,LOIR ET CHER,41250,MONT PRES CHAMBORD,2,1,22,26,6,9,Non
06410362,TENNIS CLUB DE MONT PRES CHAMBORD ,LOIR ET CHER,41250,MONT PRES CHAMBORD,2,0,47,71,7,18,Oui
06410291,TENNIS CLUB LA CHAUSSEE SAINT VICTOR ,LOIR ET CHER,41260,LA CHAUSSEE SAINT VICTOR,4,0,130,142,20,29,Oui
06410338,TENNIS CLUB DE DROUE,LOIR ET CHER,41270,DROUE,3,1,37,43,2,4,Oui
06410075,CLUB SPORTIF OUCQUES ,LOIR ET CHER,41290,OUCQUES,3,1,110,110,10,23,Oui
06410129,TENNIS CLUB SALBRIS ,LOIR ET CHER,41300,SALBRIS,4,2,101,115,15,25,Oui
06410355,TENNIS CLUB VAL DE SAULDRE  ,LOIR ET CHER,41300,SELLES ST DENIS,5,2,45,61,5,13,Oui
06410266,SOUESMES TENNIS CLUB,LOIR ET CHER,41300,SOUESMES,2,0,11,11,2,3,Oui
06410318,UNION SPORTIVE TENNIS THEILLAY,LOIR ET CHER,41300,THEILLAY,1,2,29,57,2,8,Oui
06410443,ASS. INTERCOMMUNALE DE TENNIS ,LOIR ET CHER,41310,SAINT AMAND LONGPRE,4,1,91,120,6,26,Oui
06410117,USC CHATRES/LANGON/MENNETOU SECT TENNIS ,LOIR ET CHER,41320,CHATRES/CHER,1,1,74,72,6,9,Oui
06410612,CLUB OMNISPORTS D'AVERDON,LOIR ET CHER,41330,AVERDON,1,0,2,4,0,1,Non
06410333,LA CHAPELLE VENDOMOISE T.C.,LOIR ET CHER,41330,LA CHAPELLE VENDOMOISE,1,1,29,27,2,5,Non
06410699,TENNIS CLUB SAINT-BOHAIRE ,LOIR ET CHER,41330,SAINT-BOHAIRE,2,0,52,53,2,10,Oui
06410467,CLUB TENNIS HUISSEAU SUR COSSON,LOIR ET CHER,41350,HUISSEAU SUR COSSON,2,0,28,32,0,1,Oui
06410234,OMNISPORT SAINT CLAUDE DE DIRAY,LOIR ET CHER,41350,SAINT CLAUDE DE DIRAY,3,0,18,28,2,6,Oui
06410074,A.A JEUNESSE BLESOISE  ,LOIR ET CHER,41350,SAINT GERVAIS LA FORET,8,4,554,644,52,78,Oui
06410417,TENNIS CLUB ST GERVAIS LA FORET,LOIR ET CHER,41350,SAINT GERVAIS LA FORET,3,1,110,78,11,24,Oui
06410194,VINEUIL SPORT TENNIS,LOIR ET CHER,41350,VINEUIL,3,0,169,155,15,26,Oui
06410340,TENNIS CLUB DE LUNAY ,LOIR ET CHER,41360,LUNAY,2,1,69,68,4,5,Oui
06410068,TENNIS CLUB SUD 41  ,LOIR ET CHER,41400,MONTRICHARD,4,1,119,139,11,22,Oui
06410754,T.C. DE SAINT GEORGES SUR CHER,LOIR ET CHER,41400,SAINT GEORGES SUR CHER,2,1,96,100,5,14,Oui
06410067,TENNIS CLUB DE MER ,LOIR ET CHER,41500,MER,5,1,141,155,15,28,Oui
06410553,TENNIS CLUB DE SUEVRES ,LOIR ET CHER,41500,SUEVRES,2,0,54,58,10,16,Oui
06410523,TENNIS CHAUMONTAIS,LOIR ET CHER,41600,CHAUMONT SUR THARONNE,2,0,24,24,3,4,Oui
06410077,ASSOCIATION SPORTIVE LAMOTTOISE ,LOIR ET CHER,41600,LAMOTTE BEUVRON,2,2,86,92,7,15,Oui
06410152,RUCHE NOUAN LE FUZELIER,LOIR ET CHER,41600,NOUAN LE FUZELIER,1,1,42,55,3,9,Oui
06410613,SOUVIGNY EN SOLOGNE TENNIS CLUB,LOIR ET CHER,41600,SOUVIGNY EN SOLOGNE,1,0,15,19,0,0,Oui
06410480,TENNIS CLUB DE VOUZON,LOIR ET CHER,41600,VOUZON,2,0,0,5,0,0,Oui
06410336,CONTROIS TENNIS CLUB ,LOIR ET CHER,41700,CONTRES,4,2,66,78,8,17,Oui
06410281,COUR CHEVERNY TENNIS CLUB ,LOIR ET CHER,41700,COUR CHEVERNY,3,1,111,108,12,26,Oui
06410163,MONTOIRE TENNIS CLUB  ,LOIR ET CHER,41800,MONTOIRE,7,2,195,182,13,24,Oui
06450178,TENNIS CLUB DE LA MADELEINE ,LOIRET,45000,ORLEANS,1,0,51,52,0,0,Oui
06450232,E.N.E.S. 45,LOIRET,45000,ORLEANS,0,1,0,0,5,13,Non
06450261,A.T.S.C.ADM.FINANC.ORLEANS,LOIRET,45000,ORLEANS,0,1,9,10,2,5,Oui
06450222,A.S.L. LOIRE BRETAGNE,LOIRET,45100,LA SOURCE,2,0,5,7,2,4,Non
06450135,TENNIS SAINT MARCEAU ORLEANS,LOIRET,45100,ORLEANS,2,0,136,157,9,11,Oui
06450150,UNION SPORTIVE ORLEANAISE  ,LOIRET,45100,ORLEANS,15,6,481,640,46,59,Oui
06450156,ASL FAMAR ORLEANS,LOIRET,45100,ORLEANS,2,0,0,3,0,1,Non
06450688,A.O. CONSEIL GENERAL LOIRET,LOIRET,45100,ORLEANS,2,0,20,24,2,7,Non
06450132,CLUB OMNISPORTS DU B.R.G.M,LOIRET,45100,ORLEANS LA SOURCE,1,0,19,22,7,13,Non
06450124,TENNIS CLUB CHATEAUNEUF  ,LOIRET,45110,CHATEAUNEUF SUR LOIRE,3,1,180,179,11,18,Oui
06450778,SAINT MARTIN TENNIS CLUB,LOIRET,45110,ST MARTIN D ABBAT,1,0,20,22,0,0,Non
06450313,TENNIS CLUB DE CEPOY ,LOIRET,45120,CEPOY,2,0,0,1,0,0,Oui
06450742,TENNIS CLUB DE CHALETTE ,LOIRET,45120,CHALETTE,4,2,136,174,19,26,Oui
06450769,ENTENTE BAULOISE SECTION TENNIS  ,LOIRET,45130,BAULE,2,1,54,43,6,10,Oui
06450383,TENNIS CLUB D'EPIEDS EN BEAUCE,LOIRET,45130,EPIEDS EN BEAUCE,1,1,39,46,3,5,Oui
06450167,TENNIS CLUB MAGDUNOIS ,LOIRET,45130,MEUNG SUR LOIRE,5,0,77,87,6,9,Oui
06450598,TENNIS CLUB DE SAINT AY ,LOIRET,45130,SAINT AY,2,0,123,129,5,5,Oui
06450600,TENNIS CLUB D'INGRE ,LOIRET,45140,INGRE,2,2,209,195,17,24,Oui
06450230,EVEIL SPORTIF D'ORMES TENNIS ,LOIRET,45140,ORMES,2,0,217,232,20,23,Oui
06450301,TENNIS CLUB SAINT JEAN ,LOIRET,45140,SAINT JEAN DE LA RUELLE,3,3,258,290,21,26,Oui
06450698,FEROLLES TENNIS CLUB,LOIRET,45150,FEROLLES,1,0,53,60,0,0,Oui
06450083,TENNIS CLUB DE JARGEAU ,LOIRET,45150,JARGEAU,4,1,122,132,16,20,Oui
06450694,ARDON TENNIS CLUB ,LOIRET,45160,ARDON,1,0,64,91,2,5,Oui
06450099,UNION SPORTIVE MUNICIPALE OLIVET ,LOIRET,45160,OLIVET,7,5,502,515,28,43,Oui
06450702,GAM SPORTS,LOIRET,45160,OLIVET,1,0,5,6,3,5,Oui
06450527,T.C. SAINT HILAIRE SAINT MESMIN ,LOIRET,45160,SAINT HILAIRE SAINT MESMIN,2,1,96,113,15,14,Oui
06450507,TENNIS CLUB ASCHEROIS,LOIRET,45170,ASCHERES LE MARCHE,1,1,29,43,2,4,Oui
06450179,CLUB OS. DE CHILLEURS AUX BOIS,LOIRET,45170,CHILLEURS AUX BOIS,2,0,67,64,11,10,Oui
06450085,NEUVILLE SOC. MUNIC. DE TENNIS,LOIRET,45170,NEUVILLE AUX BOIS,2,0,175,171,21,27,Oui
06450080,TENNIS CLUB BALGENTIEN ,LOIRET,45190,BEAUGENCY,6,1,239,235,24,28,Oui
06450782,TENNIS CLUB TAVERSOIS,LOIRET,45190,TAVERS,2,0,17,31,0,0,Non
06450153,J3 SPORTS AMILLY ,LOIRET,45200,AMILLY,6,2,241,263,21,23,Oui
06450084,U.S MUNICIPALE DE MONTARGIS ,LOIRET,45200,MONTARGIS,7,2,218,230,16,21,Oui
06450780,TENNIS CLUB PAUCOURTOIS,LOIRET,45200,PAUCOURT,1,0,24,26,0,0,Non
06450284,ENTENTE SPORTIVE GATINAISE ,LOIRET,45210,FONTENAY SUR LOING,7,1,102,106,8,13,Oui
06450647,TENNIS CLUB DE L'HERMOIS,LOIRET,45210,LA SELLE EN HERMOIS,1,1,44,64,4,6,Oui
06450681,ASSOCIATION SPORTIVE SELLOISE,LOIRET,45210,LA SELLE SUR LE BIED,1,0,0,12,0,0,Oui
06450258,TENNIS CLUB CHATEAURENARD ,LOIRET,45220,CHATEAURENARD,2,1,127,110,16,18,Oui
06450683,CHUELLES TENNIS CLUB,LOIRET,45220,CHUELLES,1,0,13,17,3,6,Oui
06450442,SAINT GERMAIN DES PRES T.C.,LOIRET,45220,SAINT GERMAIN DES PRES,2,0,20,25,2,5,Oui
06450319,TENNIS CLUB COLIGNY,LOIRET,45230,CHATILLON COLIGNY,2,1,58,81,3,6,Oui
06450103,ASSOCIATION SPORTIVE DU CE TDA-PROTAC,LOIRET,45240,LA FERTE SAINT AUBIN,1,0,0,0,0,0,Non
06450274,UNION SPORTIVE FERTESIENNE  ,LOIRET,45240,LA FERTE SAINT AUBIN,4,2,131,133,22,25,Oui
06450410,CLUB DE TENNIS DE LIGNY,LOIRET,45240,LIGNY LE RIBAULT,2,0,0,0,0,0,Oui
06450388,C.O. SOLOGNOT DE MARCILLY  ,LOIRET,45240,MARCILLY EN VILLETTE,1,0,38,58,3,5,Oui
06450619,MENESTREAU TENNIS CLUB,LOIRET,45240,MENESTREAU EN VILLETTE,3,0,41,31,2,2,Oui
06450100,CENTRE SOCIAL ET CULT.BRIARE ,LOIRET,45250,BRIARE,5,2,127,133,13,16,Oui
06450550,U.S. OUSSON SECTION TENNIS,LOIRET,45250,OUSSON SUR LOIRE,1,0,0,21,0,0,Non
06450239,TENNIS CLUB DE LORRIS ,LOIRET,45260,LORRIS,2,2,100,110,12,14,Oui
06450220,MJC TENNIS BELLEGARDE ,LOIRET,45270,BELLEGARDE,3,1,57,54,4,6,Oui
06450214,TENNIS CLUB DE LADON ,LOIRET,45270,LADON,2,0,70,90,2,11,Oui
06450554,LES CHOUX ,LOIRET,45290,LES CHOUX,1,0,0,17,0,5,Oui
06450610,T.C. FRATERNELLE NOGENTAISE ,LOIRET,45290,NOGENT SUR VERNISSON,3,0,82,77,4,8,Oui
06450665,ASCOUX SPORTS TENNIS,LOIRET,45300,ASCOUX,2,0,108,118,11,13,Oui
06450540,TENNIS CLUB BOYNES ,LOIRET,45300,BOYNES,2,1,92,102,5,13,Oui
06450086,PITHIVERIEN TENNIS CLUB ,LOIRET,45300,PITHIVIERS,3,2,233,266,21,27,Oui
06450430,TENNIS CLUB DE LA VALLEE ,LOIRET,45300,PITHIVIERS LE VIEIL,2,1,46,64,8,8,Oui
06450101,AVENIR DE SERMAISES ,LOIRET,45300,SERMAISES,3,2,84,82,14,16,Oui
06450390,TENNIS CLUB DE PATAY,LOIRET,45310,PATAY,2,1,39,38,5,7,Oui
06450190,TENNIS CLUB DE COURTENAY ,LOIRET,45320,COURTENAY,4,1,130,128,14,19,Oui
06450734,TC DE SAINT HILAIRE LES ANDRESIS,LOIRET,45320,SAINT HILAIRE LES ANDRESIS,1,0,43,57,0,2,Oui
06450126,TENNIS CLUB MALESHERBES ,LOIRET,45330,MALESHERBES,2,2,167,167,19,20,Oui
06450337,TENNIS CLUB BEAUNOIS ,LOIRET,45340,BEAUNE LA ROLANDE,2,0,80,102,2,3,Oui
06450450,T.C. DE CHATILLON SUR LOIRE,LOIRET,45360,CHATILLON SUR LOIRE,2,0,64,67,5,8,Oui
06450398,A.A.S. DE CLERY TENNIS ,LOIRET,45370,CLERY SAINT ANDRE,2,0,52,68,7,9,Oui
06450617,TENNIS CLUB DE JOUY LE POTIER,LOIRET,45370,JOUY LE POTIER,2,0,74,76,4,8,Oui
06450345,TENNIS CLUB DE MAREAU AUX PRES,LOIRET,45370,MAREAU AUX PRES,2,1,115,112,16,17,Oui
06450306,CHAINGY TENNIS CLUB ,LOIRET,45380,CHAINGY,2,1,73,68,6,6,Oui
06450102,TENNIS CLUB CHAPELLOIS ,LOIRET,45380,LA CHAPELLE SAINT MESMIN,3,3,311,322,30,43,Oui
06450087,ASSOC.SPORTIVE DE PUISEAUX  ,LOIRET,45390,PUISEAUX,6,2,173,223,18,27,Oui
06450295,U.S.MUNIC.CHANTEAU SECT TENNIS,LOIRET,45400,CHANTEAU,1,0,75,69,9,15,Oui
06450093,GAZELEC SPORTS ORLEANS,LOIRET,45400,FLEURY LES AUBRAIS,1,1,31,34,6,10,Oui
06450096,U.S.O.P.O.C. ORLEANS,LOIRET,45400,FLEURY LES AUBRAIS,2,1,75,120,9,15,Oui
06450289,A.S. ALCATEL ORMES,LOIRET,45400,FLEURY LES AUBRAIS,1,0,0,2,0,1,Oui
06450431,SEMOY TENNIS CLUB ,LOIRET,45400,SEMOY,2,1,150,152,11,18,Oui
06450372,TENNIS CLUB D'ARTENAY,LOIRET,45410,ARTENAY,2,1,45,46,7,12,Oui
06450175,TENNIS CLUB CHECY MARDIE  ,LOIRET,45430,CHECY,5,0,145,161,11,14,Oui
06450648,TENNIS CLUB DE DONNERY ,LOIRET,45450,DONNERY,1,1,80,74,7,7,Oui
06450275,UNION SPORTIVE FAY AUX LOGES,LOIRET,45450,FAY AUX LOGES,2,1,116,123,18,23,Oui
06450726,TENNIS CLUB BRAY EN VAL,LOIRET,45460,BRAY EN VAL,1,0,75,101,6,8,Oui
06450326,TENNIS LOURY,LOIRET,45470,LOURY,2,1,43,57,3,9,Oui
06450486,ASSOCIATION SPORTIVE TRAINOU ,LOIRET,45470,TRAINOU,2,0,61,62,5,3,Oui
06450251,T.C. CANTON BAZOCHES GALLERANDES,LOIRET,45480,BAZOCHES LES GALLERANDES,1,1,35,38,5,6,Oui
06450285,CERCLE AMICAL OUTARVILLE,LOIRET,45480,OUTARVILLE,2,0,23,30,5,8,Oui
06450751,TENNIS AVENIR CORBEILLOIS  ,LOIRET,45490,CORBEILLES EN GATINAIS,2,1,55,81,4,13,Oui
06450082,GIEN TENNIS CLUB ,LOIRET,45500,GIEN,4,4,300,304,28,36,Oui
06450453,UNION SPOR. DE POILLY LEZ GIEN ,LOIRET,45500,POILLY LEZ GIEN,3,1,28,14,0,0,Oui
06450779,TENNIS CLUB DE NEUVY EN SULLIAS,LOIRET,45510,NEUVY EN SULLIAS,1,0,5,0,0,0,Non
06450524,TENNIS CLUB DE TIGY,LOIRET,45510,TIGY,2,0,114,143,15,21,Oui
06450493,VANNES AMICALE SPORTS LOISIRS,LOIRET,45510,VANNES SUR COSSON,2,0,12,21,4,6,Oui
06450365,A.S. VIENNE SECTION TENNIS,LOIRET,45510,VIENNE EN VAL,2,0,19,17,4,4,Oui
06450781,TENNIS CLUB DE CERCOTTES,LOIRET,45520,CERCOTTES,1,0,60,68,0,0,Non
06450133,A.S.CHEVILLY SECTION TENNIS ,LOIRET,45520,CHEVILLY,2,1,46,49,7,10,Oui
06450616,GIDY TENNIS ASSOCIATION SPORTIVE,LOIRET,45520,GIDY,2,1,0,6,0,0,Oui
06450760,ASL DE SURY AUX BOIS,LOIRET,45530,SURY AUX BOIS,1,0,3,7,0,0,Non
06450444,UNION SPOR. MUN. VITRY AUX LOGES,LOIRET,45530,VITRY AUX LOGES,2,1,75,86,7,9,Oui
06450091,O.S. SPORTS LOISIRS ORLEANS,LOIRET,45540,SAINT CYR EN VAL,1,0,10,13,5,8,Non
06450188,T.C. SAINT DENIS DE L'HOTEL ,LOIRET,45550,SAINT DENIS DE L'HOTEL,2,3,115,123,19,20,Oui
06450456,T.C. DE SAINT DENIS EN VAL ,LOIRET,45560,SAINT DENIS EN VAL,4,2,185,203,25,30,Oui
06450294,SPORT ELEC DAMPIERRE TENNIS,LOIRET,45570,DAMPIERRE EN BURLY,3,1,14,19,3,5,Non
06450441,SAINT CYR EN VAL UNION SPORTIVE  ,LOIRET,45590,SAINT CYR EN VAL,3,2,210,201,24,29,Oui
06450134,CLUB SPORTIF MUNICIPAL SULLY ,LOIRET,45600,SULLY SUR LOIRE,4,1,125,139,14,20,Oui
06450639,TENNIS CLUB DE VIGLAIN,LOIRET,45600,VIGLAIN,2,0,6,9,0,1,Oui
06450758,ASSOCIATION SPORTIVE DE BEAULIEU ,LOIRET,45630,BEAULIEU,2,1,45,48,7,9,Oui
06450414,UNION SPORTIVE SANDILLONNAISE ,LOIRET,45640,SANDILLON,2,0,203,207,22,19,Oui
06450364,SAINT JEAN LE BLANC TENNIS,LOIRET,45650,SAINT JEAN LE BLANC,3,1,188,189,18,19,Oui
06450670,OMNISPORTS AMITIES CHEVILLON,LOIRET,45700,CHEVILLON SUR HUILLARD,2,0,3,16,0,0,Non
06450761,TENNIS CLUB DE MONTCRESSON,LOIRET,45700,MONTCRESSON,1,0,12,34,0,0,Oui
06450564,TENNIS CLUB DE PANNES ,LOIRET,45700,PANNES,2,0,69,65,6,4,Non
06450491,T.C.M. VILLEMANDEUR ,LOIRET,45700,VILLEMANDEUR,2,1,110,137,13,20,Oui
06450303,TENNIS CLUB DE COULLONS,LOIRET,45720,COULLONS,4,1,35,28,0,0,Oui
06450574,A.S. DE SAINT BENOIT SUR LOIRE,LOIRET,45730,SAINT BENOIT SUR LOIRE,2,1,6,0,0,0,Non
06450592,LAILLY EN VAL CLUB SPORTIF,LOIRET,45740,LAILLY EN VAL,2,1,56,65,5,7,Oui
06450089,ASPTT ORLEANS ,LOIRET,45750,SAINT PRYVE SAINT MESMIN,3,3,273,291,25,32,Oui
06450092,A.S DE LA TRESORERIE ,LOIRET,45750,SAINT PRYVE SAINT MESMIN,8,0,81,228,7,8,Oui
06450775,SAINT PRYVE TENNIS CLUB,LOIRET,45750,ST PRYVE ST MESMIN,0,2,293,291,0,0,Oui
06450098,IBM FRANCE ORLEANS,LOIRET,45760,BOIGNY SUR BIONNE,0,0,18,24,11,19,Non
06450238,TENNIS CLUB DE BOIGNY ,LOIRET,45760,BOIGNY SUR BIONNE,2,0,209,205,23,30,Oui
06450740,MARIGNY TENNIS CLUB ,LOIRET,45760,MARIGNY LES USAGES,2,1,147,158,19,24,Oui
06450081,CERCLE J.FERRY TENNIS ,LOIRET,45770,SARAN,9,4,319,385,31,40,Oui
06450116,UNION SPORTIVE MUNICIPALE SARAN  ,LOIRET,45770,SARAN,2,3,332,437,29,36,Oui
06450224,ASSOCIATION SPORTIVE DE LA G.M.F,LOIRET,45770,SARAN,1,0,13,10,3,5,Non
06450088,AMBERT OMNISPORTS,LOIRET,45800,SAINT JEAN DE BRAYE,1,0,16,18,1,5,Non
06450115,S.M.O.C. SAINT JEAN DE BRAYE ,LOIRET,45800,SAINT JEAN DE BRAYE,4,2,322,320,33,37,Oui
06450209,PARFUMS CHRISTIAN DIOR A.S.,LOIRET,45800,SAINT JEAN DE BRAYE,2,1,19,28,10,20,Non
06450219,TENNIS CLUB D'ORLEANS,LOIRET,45800,ST JEAN DE BRAYE,1,0,29,25,5,6,Non
