ClubID,Name,Ligue,Zip,City,Outdoor,Indoor,Players,Players-1AN,Teams,Teams-1AN,School?
10070010,PRIVAS TENNIS CLUB,ARDECHE,07000,PRIVAS,6,2,169,199,13,18,Oui
10070356,SAINT JULIEN EN SAINT ALBAN,ARDECHE,07000,PRIVAS,2,0,23,35,2,1,Non
10070164,ROIFFIEUX TENNIS CLUB,ARDECHE,07100,ROIFFIEUX,3,0,55,72,5,6,Oui
10070303,LARGENTIERE TENNIS CLUB,ARDECHE,07110,LARGENTIERE,3,0,9,10,2,2,Oui
10070312,RUOMS TENNIS CLUB,ARDECHE,07120,RUOMS,2,0,73,96,2,4,Oui
10070495,SOYONS TENNIS CLUB,ARDECHE,07130,SOYONS,2,0,20,39,0,0,Oui
10070115,SAINT PERAY TENNIS CLUB,ARDECHE,07130,ST PERAY,4,0,184,146,22,22,Oui
10070548,TOULAUD TENNIS CLUB,ARDECHE,07130,TOULAUD,2,0,46,42,6,5,Oui
10070174,VANS (LES) TENNIS CLUB,ARDECHE,07140,LES VANS,4,0,168,136,10,14,Oui
10070406,VALLON PONT D'ARC TENNIS CLUB,ARDECHE,07150,VALLON PONT D'ARC,2,1,47,83,4,11,Oui
10070242,CHEYLARD (LE) TENNIS CLUB,ARDECHE,07160,LE CHEYLARD,2,2,180,205,6,10,Oui
10070486,MARIAC TENNIS CLUB,ARDECHE,07160,MARIAC,2,0,10,24,0,0,Oui
10070562,BERG HELVIE JEUNESSE SPORTIVE,ARDECHE,07170,VILLENEUVE-DE-BERG,2,0,64,54,5,3,Non
10070116,AUBENAS TENNIS CLUB,ARDECHE,07200,AUBENAS,4,3,342,322,16,19,Oui
10070295,LABEGUDE TENNIS CLUB,ARDECHE,07200,LABEGUDE,2,0,36,43,4,4,Oui
10070482,SAINT ETIENNE DE FONTBELLON,ARDECHE,07200,ST ETIENNE DE FONTBELLON,2,0,63,60,4,5,Oui
10070620,SAINT SERNIN TENNIS CLUB,ARDECHE,07200,ST SERNIN,2,0,95,99,10,13,Non
10070621,VESSEAUX TENNIS,ARDECHE,07200,VESSEAUX,2,0,69,93,6,8,Oui
10070184,VIVIERS TENNIS CLUB,ARDECHE,07220,VIVIERS,2,0,107,109,4,8,Oui
10070125,VERNOUX TENNIS CLUB,ARDECHE,07240,VERNOUX EN VIVARAIS,2,0,52,57,3,5,Oui
10070209,JOYEUSE- LAURAC TENNIS CLUB,ARDECHE,07260,JOYEUSE,6,0,142,141,11,11,Oui
10070006,LAMASTRE TENNIS CLUB,ARDECHE,07270,LAMASTRE,2,0,29,16,0,1,Oui
10070525,SAINT JEURE D'AY TENNIS CLUB,ARDECHE,07290,SAINT-JEURE D'AY,2,0,39,48,7,6,Oui
10070435,SATILLIEU TENNIS CLUB,ARDECHE,07290,SATILLIEU,2,0,15,25,4,5,Oui
10070489,MAUVES TENNIS CLUB,ARDECHE,07300,MAUVES,2,0,80,93,7,8,Oui
10070382,SAINT JEAN DE MUZOLS TENNIS CLUB,ARDECHE,07300,SAINT-JEAN DE MUZOLS,2,0,48,44,7,8,Oui
10070013,TOURNON TAIN TENNIS CLUB,ARDECHE,07300,TOURNON SUR RHONE,6,0,180,228,16,20,Oui
10070622,SAINT AGREVE TENNIS CLUB LA TULIPE,ARDECHE,07320,SAINT AGREVE,3,0,23,26,1,0,Oui
10070436,PEAUGRES TENNIS CLUB,ARDECHE,07340,PEAUGRES,2,0,50,53,3,5,Oui
10070327,CRUAS TENNIS CLUB,ARDECHE,07350,CRUAS,2,0,187,195,10,12,Oui
10070619,LALEVADE TENNIS CLUB,ARDECHE,07380,LALEVADE D ARDECHE,2,0,35,45,2,2,Oui
10070599,MEYRAS TENNIS CLUB,ARDECHE,07380,MEYRAS,2,0,103,119,3,4,Oui
10070528,ALBA TENNIS CLUB,ARDECHE,07400,ALBA LA ROMAINE,2,0,107,105,6,8,Oui
10070012,TEIL (LE) TENNIS CLUB,ARDECHE,07400,LE TEIL,4,0,47,54,1,0,Oui
10070417,MEYSSE TENNIS CLUB,ARDECHE,07400,MEYSSE,2,1,71,103,8,7,Oui
10070607,SAINT FELICIEN TENNIS CLUB,ARDECHE,07410,SAINT FELICIEN,2,0,104,101,7,9,Oui
10070002,ANNONAY TENNIS CLUB,ARDECHE,07430,DAVEZIEUX,6,0,211,284,21,31,Oui
10070493,DAVEZIEUX TENNIS CLUB,ARDECHE,07430,DAVEZIEUX,4,0,225,274,26,28,Oui
10070338,BOULIEU SAINT CLAIR TENNIS CLUB,ARDECHE,07430,ST CLAIR,2,0,50,63,0,1,Oui
10070450,ALBOUSSIERE TENNIS CLUB,ARDECHE,07440,ALBOUSSIERE,2,1,30,34,2,2,Oui
10070614,SAINT PAUL LE JEUNE,ARDECHE,07460,ST PAUL LE JEUNE,2,0,22,42,2,3,Oui
10070109,GUILHERAND-GRANGES TENNIS CLUB,ARDECHE,07500,GUILHERAND GRANGES,2,0,66,85,5,8,Oui
10070017,VALS LES BAINS TENNIS CLUB,ARDECHE,07600,VALS LES BAINS,4,0,63,79,2,3,Oui
10070277,VILLEVOCANCE TENNIS CLUB,ARDECHE,07690,VILLEVOCANCE,2,1,43,45,4,5,Oui
10070004,BOURG SAINT ANDEOL TENNIS CLUB,ARDECHE,07700,BOURG ST ANDEOL,4,1,126,148,12,18,Oui
10070540,SAINT MARTIN D'ARDECHE T.C.,ARDECHE,07700,SAINT-MARTIN D'ARDECHE,3,0,71,62,10,10,Oui
10070570,SAINT MARCEL D'ARDECHE T.C.,ARDECHE,07700,ST MARCEL D ARDECHE,2,0,51,62,2,4,Oui
10070243,BEAUCHASTEL TENNIS CLUB,ARDECHE,07800,BEAUCHASTEL,4,1,29,25,4,7,Oui
10070018,VOULTE (LA) SPORTIF TENNIS,ARDECHE,07800,LA VOULTE SUR RHONE,3,0,87,99,11,17,Oui
10070245,SAINT GEORGES LES BAINS T.C.,ARDECHE,07800,SAINT GEORGES LES BAINS,5,0,120,136,9,13,Oui
10070463,SAINT LAURENT DU PAPE T.C.,ARDECHE,07800,ST LAURENT DU PAPE,2,0,49,40,2,4,Oui
10260015,VALENCE TENNIS EPERVIERE,DROME,26000,VALENCE,9,6,422,517,36,39,Oui
10260183,VALENCE ASPTT GRAND VALENCE,DROME,26000,VALENCE,3,0,75,95,8,11,Oui
10260200,VALENCE TENNIS CLUB VALENCE LE HAUT,DROME,26000,VALENCE,8,3,227,249,20,20,Oui
10260615,MIRABEL PIEGON TENNIS CLUB,DROME,26110,MIRABEL AUX BARONNIES,2,0,148,143,6,4,Non
10260234,NYONS TENNIS CLUB,DROME,26110,NYONS,4,1,184,205,11,13,Oui
10260081,CHABEUIL TENNIS CLUB JEAN LEDRU,DROME,26120,CHABEUIL,4,0,136,155,12,14,Oui
10260316,MALISSARD TENNIS CLUB,DROME,26120,MALISSARD,3,0,131,131,16,14,Oui
10260296,MONTELIER TENNIS CLUB,DROME,26120,MONTELIER,4,0,291,313,16,19,Oui
10260193,MONTMEYRAN TENNIS CLUB,DROME,26120,MONTMEYRAN,3,0,159,161,12,10,Oui
10260291,MONTSEGUR TENNIS CLUB,DROME,26130,MONTSEGUR SUR LAUZON,2,0,15,17,0,0,Oui
10260014,SAINT PAUL 3 CHATEAUX T.C.,DROME,26130,SAINT PAUL LES 3 CHATEAUX,4,2,258,269,7,13,Oui
10260465,SAINT RESTITUT TENNIS CLUB,DROME,26130,SAINT RESTITUT,2,0,30,20,0,0,Oui
10260333,ANNEYRON TENNIS CLUB,DROME,26140,ANNEYRON,2,2,149,127,11,12,Oui
10260084,SAINT RAMBERT D'ALBON T.C.,DROME,26140,SAINT RAMBERT D'ALBON,4,0,200,198,14,21,Oui
10260157,DIE TENNIS CLUB,DROME,26150,DIE,4,0,45,89,5,6,Oui
10260390,BATIE ROLLAND (LA) TENNIS CLUB,DROME,26160,LA BATIE ROLLAND,2,0,35,38,2,3,Oui
10260326,BEGUDE DE MAZENC (LA) T.C.,DROME,26160,LA BEGUDE DE MAZENC,2,0,63,78,8,11,Oui
10260178,SAINT JEAN EN ROYANS T.C.ROYANS,DROME,26190,SAINT JEAN EN ROYANS,3,1,58,79,3,5,Oui
10260421,ANCONE TENNIS CLUB,DROME,26200,ANCONE,2,0,25,33,3,5,Oui
10260007,MONTELIMAR TENNIS CLUB,DROME,26200,MONTELIMAR,6,4,398,417,22,27,Oui
10260395,LENS LESTANG TENNIS CLUB,DROME,26210,LENS LESTANG,2,0,18,12,0,1,Oui
10260475,SAINT SORLIN EN VALLOIRE T.C.,DROME,26210,SAINT SORLIN EN VALLOIRE,2,1,83,86,10,12,Oui
10260494,DIEULEFIT .U.S.,DROME,26220,DIEULEFIT,4,0,91,98,3,5,Oui
10260488,COLONZELLE TENNIS CLUB,DROME,26230,COLONZELLE,2,0,24,29,1,3,Oui
10260212,GRIGNAN TENNIS CLUB,DROME,26230,GRIGNAN,3,0,92,89,8,10,Oui
10260517,VALAURIE TENNIS CLUB,DROME,26230,VALAURIE,2,0,94,89,6,7,Oui
10260490,BEAUSEMBLANT TENNIS CLUB,DROME,26240,BEAUSEMBLANT,2,1,93,92,11,14,Oui
10260422,SAINT UZE TENNIS CLUB,DROME,26240,SAINT UZE,2,0,30,39,2,2,Oui
10260016,SAINT VALLIER-SARRAS T.C.,DROME,26240,SAINT VALLIER,5,0,86,97,11,15,Oui
10260079,LIVRON TENNIS CLUB,DROME,26250,LIVRON SUR DROME,4,0,151,160,14,17,Oui
10260363,SAINT DONAT T.C.LAC DE CHAMPOS,DROME,26260,SAINT DONAT,4,0,113,122,15,16,Oui
10260118,LORIOL TENNIS CLUB,DROME,26270,LORIOL,3,2,144,185,10,12,Oui
10260235,SAULCE A.S. TENNIS CLUB,DROME,26270,SAULCE,3,0,125,141,13,21,Oui
10260266,DONZERE TENNIS CLUB,DROME,26290,DONZERE,2,0,67,76,5,6,Oui
10260516,GRANGES GONTARDES TENNIS CLUB,DROME,26290,LES GRANGES GONTARDES,2,0,52,29,0,0,Oui
10260608,ALIXAN TENNIS CLUB,DROME,26300,ALIXAN,2,0,51,59,2,2,Oui
10260003,BOURG DE PEAGE TENNIS CLUB,DROME,26300,BOURG-DE-PEAGE,4,2,403,422,24,25,Oui
10260439,CHATUZANGE LE GOUBET TENNIS CLUB,DROME,26300,CHATUZANGE LE GOUBET,4,0,118,172,8,16,Oui
10260275,LUC EN DIOIS TENNIS CLUB,DROME,26310,LUC EN DIOIS,2,0,24,31,0,2,Oui
10260204,SAINT MARCEL LES VALENCE T.C.,DROME,26320,SAINT MARCEL LES VALENCE,3,0,109,116,5,8,Oui
10260374,CHATEAUNEUF DE GALAURE T.C.,DROME,26330,CHATEAUNEUF DE GALAURE,2,0,79,122,3,4,Oui
10260203,SAILLANS TENNIS CLUB,DROME,26340,SAILLANS,2,0,105,98,8,10,Oui
10260373,PEYRINS TENNIS CLUB,DROME,26380,PEYRINS,3,0,50,73,4,6,Oui
10260294,HAUTE GALAURE (LA) TENNIS CLUB,DROME,26390,HAUTERIVES,2,0,55,74,5,8,Oui
10260604,ALLEX T.C.ALLEXOIS,DROME,26400,ALLEX,2,0,59,67,4,5,Oui
10260609,AOUSTE SUR SYE TENNIS CLUB,DROME,26400,AOUSTE SUR SYE,3,0,97,107,15,18,Oui
10260005,CREST TENNIS CLUB,DROME,26400,CREST,5,0,152,164,14,21,Oui
10260614,EURRE TENNIS CLUB,DROME,26400,EURRE,1,0,28,25,6,7,Oui
10260607,SAOU TENNIS CLUB,DROME,26400,SAOU,1,0,20,26,1,2,Oui
10260389,CHATILLON EN DIOIS TENNIS CLUB,DROME,26410,CHATILLON EN DIOIS,2,0,39,32,0,0,Oui
10260156,BOURDEAUX TENNIS CLUB,DROME,26460,BOURDEAUX,2,0,63,69,2,4,Oui
10260132,BOURG LES VALENCE TENNIS CLUB,DROME,26500,BOURG LES VALENCE,10,0,431,464,25,32,Oui
10260407,MOURS SAINT EUSEBE TENNIS CLUB,DROME,26540,MOURS SAINT EUSEBE,2,0,81,94,5,7,Oui
10260593,GERVANS TENNIS CLUB,DROME,26600,GERVANS,2,0,56,60,9,11,Oui
10260221,ROCHE DE GLUN (LA) TENNIS CLUB,DROME,26600,LA ROCHE DE GLUN,4,0,124,151,11,17,Oui
10260147,PONT DE L'ISERE TENNIS CLUB,DROME,26600,PONT DE L'ISERE,2,0,76,59,11,15,Oui
10260009,PIERRELATTE TENNIS CLUB,DROME,26700,PIERRELATTE,4,3,341,373,33,42,Oui
10260529,EYMEUX TENNIS CLUB,DROME,26730,EYMEUX,2,0,73,84,2,5,Oui
10260611,LA COUCOURDE TENNIS CLUB,DROME,26740,LA COUCOURDE,1,0,31,22,3,4,Non
10260613,LES TOURRETTES TENNIS CLUB TOURRETOIS,DROME,26740,LES TOURRETTES,1,0,53,31,0,0,Non
10260524,MONTBOUCHER TENNIS CLUB,DROME,26740,MONTBOUCHER SUR JABRON,3,0,151,181,6,9,Oui
10260508,SAUZET TENNIS CLUB,DROME,26740,SAUZET,2,0,128,132,10,13,Oui
10260464,SAVASSE ASGET LES ROCHES,DROME,26740,SAVASSE,3,0,52,65,8,10,Oui
10260458,GENISSIEUX TENNIS CLUB,DROME,26750,GENISSIEUX,2,1,50,67,5,7,Oui
10260011,ROMANS TENNIS CLUB,DROME,26750,ST PAUL LES ROMANS,6,4,405,431,39,41,Oui
10260182,BEAUMONT LES VALENCE T.C.,DROME,26760,BEAUMONT LES VALENCE,2,0,94,79,12,11,Oui
10260315,MONTELEGER TENNIS CLUB,DROME,26760,MONTELEGER,3,0,85,76,6,9,Oui
10260414,TAULIGNAN TENNIS CLUB,DROME,26770,TAULIGNAN,2,0,43,53,2,5,Oui
10260317,ALLAN TENNIS CLUB,DROME,26780,ALLAN,2,0,52,56,3,6,Oui
10260195,CHATEAUNEUF DU RHONE T.C.,DROME,26780,CHATEAUNEUF DU RHONE,3,0,46,71,1,3,Oui
10260438,MONTELIMAR ASPTT,DROME,26780,ESPELUCHE,2,0,43,47,0,1,Oui
10260602,MALATAVERNE TENNIS CLUB,DROME,26780,MALATAVERNE,2,0,23,35,0,0,Oui
10260606,SUZE LA ROUSSE - A.L. SECTION TENNIS,DROME,26790,SUZE LA ROUSSE,2,0,25,20,0,0,Oui
10260470,TULETTE TENNIS CLUB,DROME,26790,TULETTE,2,0,51,49,4,5,Oui
10260501,BEAUVALLON TENNIS CLUB,DROME,26800,BEAUVALLON,2,0,23,16,3,5,Oui
10260292,ETOILE TENNIS CLUB,DROME,26800,ETOILE SUR RHONE,3,0,156,151,14,15,Oui
10260579,ETOILE SUR RHONE L'OASIS CLUB,DROME,26800,ETOILE SUR RHONE,4,0,25,36,6,6,Oui
10260380,MONTOISON TENNIS CLUB,DROME,26800,MONTOISON,2,0,72,92,12,13,Oui
10260111,PORTES LES VALENCE CHEMINOTS,DROME,26800,PORTES LES VALENCE,4,0,87,113,12,14,Oui
10380023,GRENOBLE AS CHEMINOTS,ISERE,38000,GRENOBLE,2,0,4,5,0,0,Non
10380259,GRENOBLE SPORTS ENTREPRISES,ISERE,38050,GRENOBLE CEDEX 9,4,0,11,12,4,7,Oui
10380100,SAINT QUENTIN FALLAVIER OLYMPIQUE ST QUENTINOIS,ISERE,38070,SAINT QUENTIN FALLAVIER,4,2,75,82,11,10,Oui
10380343,ISLE D'ABEAU (L') TENNIS CLUB,ISERE,38080,L'ISLE-D'ABEAU,6,2,280,270,19,20,Oui
10380282,SAINT ALBAN DE ROCHE T.C.,ISERE,38080,SAINT ALBAN DE ROCHE,1,2,79,84,3,3,Oui
10380536,TC St Marcel Bel Accueil,ISERE,38080,SAINT MARCEL BEL ACCUEIL,2,0,40,52,2,2,Oui
10380575,ROCHE TENNIS CLUB,ISERE,38090,ROCHE,2,0,15,22,1,2,Oui
10380510,Association Sportive Vaulxoise Tennis,ISERE,38090,VAULX MILIEU,3,0,74,90,5,5,Oui
10380576,VILLEFONTAINE TENNIS SQUASH,ISERE,38090,VILLEFONTAINE,4,2,295,316,18,24,Oui
10380176,GRENOBLE VILLENEUVE T.C.,ISERE,38100,GRENOBLE,2,0,78,106,6,7,Oui
10380591,GRENOBLE TENNIS,ISERE,38100,GRENOBLE,10,13,740,825,34,41,Oui
10380139,DOLOMIEU TENNIS CLUB,ISERE,38110,DOLOMIEU,2,0,62,60,4,0,Oui
10380566,CHAPELLE (LA) TENNIS CLUB,ISERE,38110,LA CHAPELLE DE LA TOUR,2,1,149,166,13,14,Oui
10380041,TOUR DU PIN (LA) TENNIS CLUB,ISERE,38110,LA TOUR DU PIN,5,0,142,164,13,11,Oui
10380500,SAINT CLAIR DE LA TOUR T.C.,ISERE,38110,SAINT CLAIR DE LA TOUR,2,1,59,48,1,1,Oui
10380542,SAINT JEAN DE SOUDAIN T.C.,ISERE,38110,SAINT JEAN DE SOUDAIN,2,0,16,17,2,2,Oui
10380401,VEUREY VOROIZE TENNIS CLUB,ISERE,38113,VEUREY VOROIZE,2,0,6,9,0,0,Oui
10380371,FONTANIL (LE) TENNIS CLUB,ISERE,38120,LE FONTANIL,4,0,112,114,10,11,Oui
10380031,SAINT EGREVE U.S.S.E.TENNIS,ISERE,38120,SAINT EGREVE,6,2,220,242,15,18,Oui
10380425,REVENTIN-VAUGRIS TENNIS CLUB,ISERE,38121,REVENTIN VAUGRIS,2,0,75,63,5,5,Oui
10380321,SAINT PRIM TC CHONAS SAINT PRIM,ISERE,38121,SAINT-PRIM,2,0,36,42,4,3,Oui
10380085,TC ECHIROLLES,ISERE,38130,ECHIROLLES,8,5,327,412,30,32,Oui
10380498,BEAUCROISSANT-IZEAUX TENNIS CLUB,ISERE,38140,BEAUCROISSANT,4,1,133,151,14,13,Oui
10380388,REAUMONT-LA MURETTE TENNIS CLUB,ISERE,38140,LA MURETTE,4,0,152,150,12,10,Oui
10380123,RENAGE TENNIS CLUB,ISERE,38140,RENAGE,2,1,57,64,10,14,Oui
10380159,RIVES TENNIS CLUB,ISERE,38140,RIVES SUR FURE,4,1,80,103,8,10,Oui
10380091,ROUSSILLON TENNIS CLUB,ISERE,38150,ROUSSILLON,4,1,209,206,13,9,Oui
10380150,SAINT ROMAIN DE SURIEU LA SANNE,ISERE,38150,SAINT ROMAIN DE SURIEU,3,0,52,66,4,5,Oui
10380206,SALAISE TENNIS CLUB,ISERE,38150,SALAISE SUR SANNE,5,1,145,144,13,13,Oui
10380569,CHATTE TENNIS CLUB,ISERE,38160,CHATTE,2,0,59,96,1,2,Oui
10380032,SAINT MARCELLIN TENNIS CLUB,ISERE,38160,SAINT MARCELLIN,6,0,95,69,8,7,Oui
10380372,SAINT ROMANS TC,ISERE,38160,SAINT ROMANS,2,0,36,39,4,3,Oui
10380136,SEYSSINET AMICAL CLUB TENNIS,ISERE,38170,SEYSSINET PARISET,6,2,399,440,20,24,Oui
10380138,SEYSSINS TENNIS CLUB,ISERE,38180,SEYSSINS,6,1,282,291,14,15,Oui
10380331,BERNIN TENNIS CLUB,ISERE,38190,BERNIN,4,0,277,326,13,16,Oui
10380236,LUZINAY TENNIS CLUB,ISERE,38200,LUZINAY,2,0,62,59,3,2,Oui
10380551,SERPAIZE TENNIS CLUB,ISERE,38200,SERPAIZE,2,0,49,36,2,3,Oui
10380262,SEYSSUEL TENNIS CLUB,ISERE,38200,SEYSSUEL,2,0,108,106,9,10,Oui
10380038,VIENNE TENNIS CLUB,ISERE,38200,VIENNE,11,2,250,308,23,26,Oui
10380605,POLIENAS TENNIS CLUB,ISERE,38210,POLIENAS,2,0,51,0,2,2,Oui
10380639,SAINT QUENTIN SUR ISERE TC,ISERE,38210,ST QUENTIN SUR ISERE,2,0,18,17,0,0,Oui
10380033,TULLINS TENNIS CLUB,ISERE,38210,TULLINS,4,0,186,194,11,18,Oui
10380366,VOUREY TENNIS CLUB,ISERE,38210,VOUREY,2,0,74,94,6,4,Oui
10380636,NOTRE DAME DE MESAGE TENNIS CLUB MESAGEOIS,ISERE,38220,NOTRE DAME DE MESAGE,2,0,72,63,5,4,Non
10380148,VIZILLE TENNIS CLUB,ISERE,38220,VIZILLE,4,0,112,114,13,12,Oui
10380022,CHARVIEU TENNIS CLUB,ISERE,38230,CHARVIEU CHAVAGNEUX,4,2,265,232,13,14,Oui
10380637,TIGNIEU JAMEYZIEU Association Tennis,ISERE,38230,TIGNIEU,4,0,198,209,9,7,Oui
10380089,MEYLAN TENNIS CLUB,ISERE,38240,MEYLAN,13,4,499,541,17,22,Oui
10380036,VILLARD DE LANS TENNIS CLUB,ISERE,38250,VILLARD DE LANS,7,2,143,155,10,7,Oui
10380640,LANS EN VERCORS TENNIS CLUB,ISERE,38250,VILLARD DE LANS,3,0,37,36,1,1,Oui
10380020,BEAUREPAIRE TENNIS CLUB,ISERE,38270,BEAUREPAIRE,6,0,182,185,11,10,Oui
10380307,VILLETTE D'ANTHON TENNIS CLUB,ISERE,38280,VILLETTE D'ANTHON,3,0,90,90,2,2,Oui
10380198,FRONTONAS TENNIS CLUB,ISERE,38290,FRONTONAS,2,1,62,63,6,6,Oui
10380162,VERPILLIERE (LA) TENNIS CLUB,ISERE,38290,LA VERPILLIERE,4,2,76,93,5,6,Oui
10380021,BOURGOIN JALLIEU,ISERE,38300,BOURGOIN JALLIEU,7,5,409,418,21,23,Oui
10380252,DOMARIN TENNIS CLUB,ISERE,38300,DOMARIN,3,0,142,208,9,12,Oui
10380596,MAUBEC TENNIS CLUB,ISERE,38300,MAUBEC,2,0,109,139,3,6,Oui
10380630,NIVOLAS VERMELLE TENNIS CLUB,ISERE,38300,NIVOLAS VERMELLE,2,1,84,99,7,5,Oui
10380281,RUY MONTCEAU TENNIS CLUB,ISERE,38300,RUY-MONTCEAU,2,0,99,125,9,9,Oui
10380264,SAINT SAVIN TENNIS CLUB,ISERE,38300,SAINT SAVIN,2,0,69,74,5,2,Oui
10380423,JARRIE TENNIS CLUB,ISERE,38320,Brié et Angonnes,5,0,135,151,13,13,Oui
10380408,SMASH CLUB TENNIS EYBENS,ISERE,38320,EYBENS,4,2,190,199,10,9,Oui
10380442,TENNIS SPORT LOISIRS POISAT,ISERE,38320,POISAT,3,0,184,197,10,7,Oui
10380399,BIVIERS TENNIS CLUB,ISERE,38330,BIVIERS,4,0,111,156,7,7,Oui
10380272,MONTBONNOT TENNIS CLUB,ISERE,38330,MONTBONNOT,4,2,123,138,12,9,Oui
10380024,GRENOBLE ASPTT,ISERE,38330,MONTBONNOT ST MARTIN,4,2,6,6,1,1,Oui
10380168,SAINT ISMIER TENNIS CLUB,ISERE,38330,SAINT ISMIER,5,2,251,289,13,14,Oui
10380443,SAINT-NAZAIRE LES EYMES T.C.,ISERE,38330,SAINT NAZAIRE LES EYMES,3,0,103,148,8,8,Oui
10380175,VOREPPE TENNIS CLUB,ISERE,38340,VOREPPE,4,1,177,161,15,15,Oui
10380082,MURE (LA) TENNIS CLUB,ISERE,38350,LA MURE,5,0,137,143,12,14,Oui
10380229,NOYAREY A.S. TENNIS CLUB,ISERE,38360,NOYAREY,2,0,20,26,0,2,Oui
10380092,GRENOBLE A.S.C.E.A.,ISERE,38360,SASSENAGE,12,3,156,187,16,16,Oui
10380126,SASSENAGE TENNIS CLUB,ISERE,38360,SASSENAGE,4,0,217,204,13,14,Oui
10380385,SAINT ALBAN DU RHONE T.C.,ISERE,38370,SAINT ALBAN DU RHONE,2,0,64,79,3,4,Oui
10380644,ALLIANCE TENNIS RHODANIEN,ISERE,38370,ST CLAIR DU RHONE,4,2,137,39,6,0,Oui
10380261,ENTRE DEUX GUIERS TC DU GUIERS,ISERE,38380,ENTRE DEUX GUIERS,3,0,22,22,4,4,Oui
10380608,SAINT LAURENT DU PONT TC CHARTREUSE,ISERE,38380,SAINT LAURENT DU PONT,2,0,88,110,6,7,Oui
10380621,ESSM AGRI TENNIS,ISERE,38400,SAINT MARTIN D'HERES,6,0,162,216,15,14,Oui
10380572,URIAGE TENNIS CLUB,ISERE,38410,URIAGE,9,0,214,273,15,16,Oui
10380090,DOMENE TENNIS CLUB,ISERE,38420,DOMENE,4,0,135,156,12,13,Oui
10380225,VERSOUD-VILLARD BONNOT TENNIS CLUB,ISERE,38420,LE VERSOUD,5,0,193,271,13,18,Oui
10380192,MOIRANS TENNIS CLUB,ISERE,38430,MOIRANS,5,3,182,198,13,17,Oui
10380364,SAINT JEAN DE MOIRANS T.C.,ISERE,38430,SAINT-JEAN-DE-MOIRANS,3,0,39,51,3,3,Oui
10380149,SAINT JEAN DE BOURNAY T.C.,ISERE,38440,SAINT JEAN DE BOURNAY,4,1,55,74,2,2,Oui
10380624,LE GUA TENNIS CLUB,ISERE,38450,LE GUA,2,0,69,73,5,7,Non
10380273,SAINT GEORGES DE COMMIERS T.C.,ISERE,38450,SAINT-GEORGES DE COMMIERS,2,0,78,65,5,9,Oui
10380623,VIF TENNIS CLUB,ISERE,38450,VIF,3,0,66,76,1,7,Oui
10380339,CREMIEU TENNIS CLUB,ISERE,38460,CREMIEU,4,1,132,136,2,2,Oui
10380424,SAINT-ROMAIN DE JALIONAS T.C.,ISERE,38460,SAINT-ROMAIN DE JALIONAS,2,0,64,67,6,9,Oui
10380249,VINAY TENNIS CLUB,ISERE,38470,VINAY,3,0,129,102,4,4,Oui
10380643,ROMAGNIEU TENNIS CLUB,ISERE,38480,ROMAGNIEU,3,0,22,33,0,0,Oui
10380606,LES ABRETS LA BATIE SAINT ANDRE T.C.,ISERE,38490,ST ANDRE LE GAZ,6,0,158,181,14,14,Oui
10380037,COUBLEVIE T.C.COUBLEVIE VOIRON,ISERE,38500,COUBLEVIE,9,3,383,701,17,19,Oui
10380588,LA BUISSE TENNIS CLUB,ISERE,38500,LA BUISSE,3,0,164,137,11,10,Oui
10380310,MORESTEL TENNIS CLUB,ISERE,38510,MORESTEL,3,1,122,94,5,4,Oui
10380429,VEZERONCE CURTIN TENNIS CLUB,ISERE,38510,VEZERONCE CURTIN,2,0,56,67,3,2,Oui
10380256,BOURG D'OISANS TENNIS CLUB,ISERE,38520,BOURG D'OISANS,5,1,51,49,3,3,Oui
10380635,BARRAUX TENNIS CLUB,ISERE,38530,BARRAUX,2,0,58,84,5,5,Oui
10380518,CHAPAREILLAN TENNIS CLUB,ISERE,38530,CHAPAREILLAN,2,0,112,117,4,5,Oui
10380199,HEYRIEUX TENNIS CLUB,ISERE,38540,HEYRIEUX,3,0,93,96,11,10,Oui
10380154,SAINT JUST CHALEYSSIN T.C.,ISERE,38540,SAINT JUST DE CHALEYSSIN,3,1,107,117,12,11,Oui
10380530,VALENCIN TENNIS CLUB,ISERE,38540,VALENCIN,2,0,79,86,5,6,Oui
10380258,CLONAS SUR VAREZE TENNIS CLUB,ISERE,38550,CLONAS-SUR-VAREZE,2,1,126,143,7,8,Oui
10380040,PEAGE DE ROUSSILLON TENNIS CLUB,ISERE,38550,PEAGE DE ROUSSILLON,4,0,110,113,7,7,Oui
10380329,SAINT MAURICE L'EXIL T.C.,ISERE,38550,SAINT MAURICE L'EXIL,3,2,145,164,9,12,Oui
10380492,CHAMP SUR DRAC A.C.D.C. TENNIS,ISERE,38560,CHAMP SUR DRAC,4,0,103,92,11,10,Oui
10380641,GONCELIN TENNIS CLUB,ISERE,38570,GONCELIN,2,0,46,49,2,2,Oui
10380642,TENNIS CLUB LE CHEYLAS,ISERE,38570,LE CHEYLAS,3,0,22,40,2,1,Oui
10380577,THEYS TENNIS CLUB,ISERE,38570,THEYS,2,0,142,139,13,18,Oui
10380484,SILLANS TENNIS CLUB,ISERE,38590,SILLANS,2,1,80,79,6,6,Oui
10380165,SAINT ETIENNE DE SAINT GEOIRS TC,ISERE,38590,ST ETIENNE DE ST GEOIRS,3,3,234,240,18,18,Oui
10380119,FONTAINE TENNIS CLUB,ISERE,38600,FONTAINE,4,0,201,217,11,11,Oui
10380028,GRENOBLE UNIVERSITE CLUB,ISERE,38610,GIERES,20,4,448,489,25,21,Oui
10380322,GIERES TENNIS CLUB,ISERE,38610,GIERES,4,3,273,304,19,21,Oui
10380519,MONTFERRAT TENNIS CLUB,ISERE,38620,MONTFERRAT,2,0,11,29,1,2,Oui
10380207,AVENIERES (LES) TENNIS CLUB,ISERE,38630,LES AVENIERES,3,1,97,94,7,6,Oui
10380299,CLAIX TENNIS,ISERE,38640,CLAIX,6,2,402,407,22,28,Oui
10380029,MONESTIER DE CLERMONT T.C.,ISERE,38650,MONESTIER DE CLERMONT,3,0,34,51,2,3,Oui
10380260,TERRASSE (LA) TENNIS CLUB DES 2 RIVES,ISERE,38660,LA TERRASSE,2,0,24,31,0,1,Oui
10380288,SAINT VINCENT LE TOUVET T.C.,ISERE,38660,LE TOUVET,4,0,65,66,15,16,Oui
10380400,TENNIS CLUB LES PETITES ROCHES,ISERE,38660,SAINT HILAIRE DU TOUVET,2,0,58,72,1,1,Oui
10380191,CHASSE SUR RHONE TENNIS CLUB,ISERE,38670,CHASSE SUR RHONE,3,0,88,30,2,2,Oui
10380140,GRAND LEMPS (LE) TENNIS CLUB,ISERE,38690,LE GRAND LEMPS,2,0,59,82,3,2,Oui
10380042,CORENC TENNIS CLUB,ISERE,38700,CORENC,6,0,169,222,12,14,Oui
10380145,TRONCHE (LA) TENNIS CLUB,ISERE,38700,LA TRONCHE,5,0,288,303,8,9,Oui
10380612,VALBONNAIS TENNIS CLUB,ISERE,38740,VALBONNAIS,2,0,22,24,0,0,Oui
10380134,ALPE D'HUEZ (L) TENNIS CLUB,ISERE,38750,L'ALPE D'HUEZ,15,3,13,19,1,1,Oui
10380594,SAINT PAUL DE VARCES T.C.,ISERE,38760,SAINT PAUL DE VARCES,2,0,25,34,2,3,Oui
10380233,VARCES TENNIS CLUB,ISERE,38760,VARCES ALLIERES ET RISSET,3,1,177,213,13,13,Oui
10380509,ESTRABLIN-JARDIN TENNIS CLUB,ISERE,38780,ESTRABLIN,4,0,96,113,3,3,Oui
10380201,EYZIN PINET TENNIS CLUB,ISERE,38780,EYZIN-PINET,1,1,95,106,10,9,Oui
10380585,OYTIER SAINT OBLAS T.C.,ISERE,38780,OYTIER SAINT OBLAS,2,0,38,45,1,2,Oui
10380344,PONT EVEQUE TENNIS CLUB,ISERE,38780,PONT-EVEQUE,5,3,326,364,17,24,Oui
10380550,SEPTEME TENNIS CLUB,ISERE,38780,SEPTEME,2,0,72,74,10,9,Oui
10380393,DIEMOZ TENNIS CLUB,ISERE,38790,DIEMOZ,3,0,27,34,3,3,Oui
10380427,SAINT GEORGES D'ESPERANCHE TC,ISERE,38790,SAINT GEORGES D'ESPERANCHE,3,0,146,142,11,13,Oui
10380187,GRENOBLE ENERGIE SPORT GES,ISERE,38800,LE PONT DE CLAIX,3,0,3,3,0,0,Non
10380230,PONT DE CLAIX TENNIS,ISERE,38800,LE PONT DE CLAIX,2,2,170,157,11,12,Oui
10380071,PONT DE CLAIX (LE) A.S.PLATEFORME CHIMIQUE,ISERE,38800,LE PONT-DE-CLAIX,4,0,19,23,0,0,Non
10380598,ALLEVARD SAINT PIERRE TENNIS CLU,ISERE,38830,ST PIERRE D ALLEVARD,6,0,186,189,21,20,Oui
10380370,SAINT HILAIRE DU ROSIER T.C.,ISERE,38840,SAINT HILAIRE DU ROSIER,2,0,76,92,5,3,Oui
10380456,CHARAVINES T.C. LE LAC,ISERE,38850,CHARAVINES,9,0,254,273,18,20,Oui
10380072,SAINT SIMEON DE BRESSIEUX T.C.,ISERE,38870,ST SIMEON DE BRESSIEUX,4,0,51,59,4,4,Oui
10380197,AUTRANS TENNIS CLUB,ISERE,38880,AUTRANS,4,0,77,87,2,4,Oui
10380626,SAINT CHEF TENNIS CLUB,ISERE,38890,ST CHEF,2,0,81,100,6,6,Oui
10380520,CROLLES TENNIS CLUB,ISERE,38920,CROLLES,5,1,344,433,16,17,Oui
10380226,SAINT ETIENNE DE CROSSEY T.C.,ISERE,38960,SAINT ETIENNE DE CROSSEY,4,0,160,144,13,13,Oui
10380240,PONT-DE-BEAUVOISIN PONTS TENNIS,ISERE,73330,PONT-DE-BEAUVOISIN,4,0,53,54,1,1,Oui
10730308,BARBERAZ TENNIS CLUB,SAVOIE,73000,BARBERAZ,5,0,273,316,12,16,Oui
10730208,BASSENS TENNIS CLUB,SAVOIE,73000,BASSENS,4,0,219,226,12,19,Oui
10730046,CHAMBERY TENNIS CLUB,SAVOIE,73000,CHAMBERY,7,3,298,375,18,26,Oui
10730309,CHAMBERY CROIX ROUGE T.C.,SAVOIE,73000,CHAMBERY,6,1,167,185,13,18,Oui
10730431,CHAMBERY T.C.BISSY,SAVOIE,73000,CHAMBERY,6,3,270,314,17,25,Oui
10730620,JACOB BELLECOMBETTE TENNIS CLUB,SAVOIE,73000,JACOB BELLECOMBETTE,4,0,63,107,2,3,Oui
10730621,MONTAGNOLE TENNIS CLUB,SAVOIE,73000,MONTAGNOLE,2,0,4,22,0,0,Non
10730044,AIX LES BAINS TENNIS CLUB,SAVOIE,73100,AIX LES BAINS,13,6,364,448,23,29,Oui
10730412,BRISON SAINT INNOCENT T. PLUS,SAVOIE,73100,BRISON SAINT INNOCENT,2,0,79,100,7,6,Oui
10730432,GRESY SUR AIX TENNIS CLUB,SAVOIE,73100,GRESY SUR AIX,2,0,65,86,7,7,Oui
10730580,MONTCEL (LE) TENNIS CLUB,SAVOIE,73100,LE MONTCEL,2,0,35,34,0,0,Oui
10730628,MOUXY TENNIS CLUB,SAVOIE,73100,MOUXY,2,0,187,182,3,3,Oui
10730586,TRESSERVE TENNIS CLUB,SAVOIE,73100,TRESSERVE,2,0,91,107,0,0,Oui
10730087,PONTCHARRA-LA ROCHETTE TENNIS CLUB,SAVOIE,73110,LA ROCHETTE,9,0,132,154,5,7,Oui
10730360,LA CHAMBRE T.C. LE COLOMBIER,SAVOIE,73130,LA CHAMBRE,4,0,75,95,4,7,Oui
10730222,SAINT MICHEL DE MAURIENNE T.C.,SAVOIE,73140,SAINT MICHEL DE MAURIENNE,2,1,78,67,4,6,Oui
10730188,COGNIN TENNIS CLUB,SAVOIE,73160,COGNIN,4,0,134,138,10,15,Oui
10730049,YENNE TENNIS CLUB,SAVOIE,73170,YENNE,6,0,108,105,5,11,Oui
10730213,CHALLES LES EAUX TENNIS CLUB,SAVOIE,73190,CHALLES LES EAUX,5,0,94,87,5,8,Oui
10730045,ALBERTVILLE TENNIS OLYMPIQUE,SAVOIE,73200,ALBERTVILLE,5,2,237,303,16,21,Oui
10730504,BARBY TENNIS CLUB,SAVOIE,73230,BARBY,4,0,149,169,8,7,Non
10730624,SAINT ALBAN LEYSSE TENNIS,SAVOIE,73230,SAINT ALBAN LEYSSE,0,0,115,122,10,14,Oui
10730627,LA RAQUETTE DE ST GENIX (SUR GUIERS),SAVOIE,73240,ST GENIX SUR GUIERS,0,0,23,30,0,0,Non
10730107,SAINT PIERRE D'ALBIGNY T.C,SAVOIE,73250,SAINT PIERRE D'ALBIGNY,4,0,85,97,4,3,Oui
10730618,BEAUFORT CLUB SPORTIF BEAUFORTAI,SAVOIE,73270,BEAUFORT SUR DORON,4,0,4,34,1,1,Non
10730386,MOTTE SERVOLEX (LA) T.C.,SAVOIE,73290,LA MOTTE SERVOLEX,7,0,203,257,18,28,Oui
10730083,SAINT JEAN DE MAURIENNE T.C.,SAVOIE,73300,ST JEAN DE MAURIENNE,5,0,163,198,10,13,Oui
10730352,BOZEL T.C.MONTJOVET BOZEL,SAVOIE,73350,BOZEL,3,0,2,61,0,0,Oui
10730137,BOURGET DU LAC (LE) T.C.,SAVOIE,73370,LE BOURGET DU LAC,4,0,67,88,4,8,Oui
10730050,UGINE TENNIS CLUB,SAVOIE,73400,UGINE,3,2,164,158,12,13,Oui
10730163,ALBENS TENNIS CLUB,SAVOIE,73410,ALBENS,3,0,115,89,5,5,Oui
10730353,DRUMETTAZ CLARAFOND T.C.,SAVOIE,73420,DRUMETTAZ,2,0,97,130,11,12,Oui
10730335,VALLOIRE TENNIS CLUB,SAVOIE,73450,VALLOIRE,11,0,0,51,0,0,Oui
10730568,FRONTENEX TENNIS CLUB,SAVOIE,73460,FRONTENEX,4,2,40,68,0,0,Oui
10730626,LANSLEVILLARD,SAVOIE,73480,LANSLEVILLARD,2,0,12,14,0,0,Oui
10730311,RAVOIRE (LA) TENNIS CLUB,SAVOIE,73490,LA RAVOIRE,4,2,155,186,9,14,Oui
10730080,MODANE TENNIS CLUB,SAVOIE,73500,MODANE,4,0,54,39,4,6,Oui
10730603,ST JEAN ST SORLIN D'ARVES,SAVOIE,73530,SAINT SORLIN D'ARVES,4,0,5,46,2,2,Oui
10730070,MOUTIERS TENNIS CLUB,SAVOIE,73600,MOUTIERS,5,1,140,231,13,15,Oui
10730166,LE CHATELARD T.C.LES BAUGES,SAVOIE,73630,LE CHATELARD,3,0,78,77,5,4,Oui
10730625,ST PIERRE D'ENTREMONT TC DES ENTREMONTS,SAVOIE,73670,ST PIERRE D ENTREMONT,3,1,2,46,0,0,Oui
10730228,BOURG SAINT MAURICE T.C.,SAVOIE,73700,BOURG SAINT MAURICE,7,0,84,165,3,3,Oui
10730047,MONTMELIAN TENNIS CLUB,SAVOIE,73800,MONTMELIAN,4,0,109,157,8,12,Oui
10740097,ANNECY ASO ROULEMENTS TENNIS,HAUTE SAVOIE,74000,ANNECY,2,0,9,44,1,3,Oui
10740558,ANNECY TENNIS,HAUTE SAVOIE,74000,ANNECY,13,4,516,640,16,31,Oui
10740052,ANNEMASSE TENNIS CLUB DU SALEVE,HAUTE SAVOIE,74100,VILLE LA GRAND,5,4,720,831,15,35,Oui
10740617,VILLE LA GRAND TENNIS MUNICIPAUX,HAUTE SAVOIE,74100,VILLE LA GRAND,5,0,28,67,2,7,Oui
10740063,MORZINE TENNIS CLUB,HAUTE SAVOIE,74110,MORZINE,9,0,4,76,0,0,Oui
10740076,MEGEVE TENNIS CLUB,HAUTE SAVOIE,74120,MEGEVE,12,1,84,122,2,6,Oui
10740053,BONNEVILLE TENNIS CLUB,HAUTE SAVOIE,74130,BONNEVILLE,4,2,258,263,4,12,Oui
10740620,PETIT BORNAND TENNIS CLUB,HAUTE SAVOIE,74130,LE PETIT BORNAND LES GLIER,2,0,22,26,0,0,Oui
10740622,SERVOZ TENNIS CLUB,HAUTE SAVOIE,74130,SERVOZ,2,0,26,30,0,0,Oui
10740611,VOUGY TENNIS CLUB,HAUTE SAVOIE,74130,VOUGY,2,0,81,99,2,4,Oui
10740623,CHENS LEMAN TENNIS CLUB,HAUTE SAVOIE,74140,CHENS LEMAN,1,0,23,36,0,0,Oui
10740141,DOUVAINE TENNIS CLUB,HAUTE SAVOIE,74140,DOUVAINE,4,1,233,255,7,22,Oui
10740621,EXCENEVEX TENNIS CLUB,HAUTE SAVOIE,74140,EXCENEVEX,2,0,71,58,0,2,Non
10740323,MESSERY TENNIS CLUB,HAUTE SAVOIE,74140,MESSERY,3,0,147,229,4,12,Oui
10740447,SAINT CERGUES TENNIS CLUB,HAUTE SAVOIE,74140,SAINT CERGUES,2,0,28,117,1,3,Oui
10740300,SCIEZ-MASSONGY TENNIS CLUB,HAUTE SAVOIE,74140,SCIEZ,4,2,316,337,8,16,Oui
10740600,VEIGY CITY GREEN DU LEMAN,HAUTE SAVOIE,74140,VEIGY (DOUANE),3,8,220,334,5,3,Oui
10740064,RUMILLY TENNIS CLUB,HAUTE SAVOIE,74150,RUMILLY,7,0,130,163,3,9,Oui
10740113,ARCHAMPS TENNIS CLUB,HAUTE SAVOIE,74160,ARCHAMPS,7,3,349,299,9,18,Oui
10740582,BOSSEY TENNIS CLUB,HAUTE SAVOIE,74160,BOSSEY,3,3,3,138,0,4,Oui
10740478,COLLONGES SOUS SALEVE T.C.,HAUTE SAVOIE,74160,Collonges s/Saléve,3,1,115,122,6,12,Oui
10740247,CHABLE BEAUMONT (LE) T.C.,HAUTE SAVOIE,74160,LE CHABLE BEAUMONT,2,1,151,150,0,5,Oui
10740094,SAINT JULIEN EN GENEVOIS T.C.,HAUTE SAVOIE,74160,SAINT JULIEN EN GENEVOIS,4,3,416,432,9,22,Oui
10740433,CONTAMINES MONTJOIE (LES) T.C.,HAUTE SAVOIE,74170,LES CONTAMINES MONTJOIE,8,0,8,14,0,0,Oui
10740060,SAINT GERVAIS T.C.,HAUTE SAVOIE,74170,SAINT GERVAIS,8,0,20,86,0,2,Oui
10740055,PASSY MONT BLANC TENNIS CLUB,HAUTE SAVOIE,74190,PASSY,6,2,136,161,15,27,Oui
10740444,ALLINGES TENNIS CLUB,HAUTE SAVOIE,74200,ALLINGES,4,1,140,129,5,8,Oui
10740559,ANTHY TENNIS CLUB,HAUTE SAVOIE,74200,ANTHY SUR LEMAN,3,0,52,40,0,0,Oui
10740565,SAINT DISDILLE (THONON) T.C.,HAUTE SAVOIE,74200,THONON,5,2,146,160,1,5,Oui
10740069,THONON LES BAINS TENNIS CLUB,HAUTE SAVOIE,74200,THONON LES BAINS,13,4,454,520,9,19,Oui
10740405,DOUSSARD TENNIS CLUB,HAUTE SAVOIE,74210,DOUSSARD,4,0,94,112,0,4,Oui
10740061,FAVERGES TENNIS CLUB,HAUTE SAVOIE,74210,FAVERGES,5,0,137,222,9,20,Oui
10740077,CLUSAZ (LA) TENNIS CLUB,HAUTE SAVOIE,74220,LA CLUSAZ,5,0,1,34,0,1,Non
10740098,THONES TENNIS CLUB,HAUTE SAVOIE,74230,THONES,5,2,186,185,5,11,Oui
10740616,TENNIS CLUB DES BRASSES,HAUTE SAVOIE,74250,VIUZ EN SALLAZ,2,0,156,150,3,12,Oui
10740237,FRANGY TENNIS CLUB,HAUTE SAVOIE,74270,FRANGY,2,1,173,199,4,10,Oui
10740121,MENTHON SAINT BERNARD T.C.,HAUTE SAVOIE,74290,MENTHON SAINT BERNARD,6,0,170,273,3,6,Oui
10740267,VEYRIER DU LAC TENNIS CLUB,HAUTE SAVOIE,74290,VEYRIER DU LAC,5,0,40,288,1,14,Oui
10740286,ARACHES T.C.LES CARROZ,HAUTE SAVOIE,74300,ARACHES LES CARROZ,5,0,21,71,2,4,Oui
10740056,CLUSES SCIONZIER TENNIS CLUB,HAUTE SAVOIE,74300,CLUSES,6,2,253,313,11,24,Oui
10740452,MAGLAND TENNIS CLUB,HAUTE SAVOIE,74300,MAGLAND,2,0,1,29,0,0,Oui
10740584,THYEZ T.C.,HAUTE SAVOIE,74300,THYEZ,4,0,74,132,2,4,Oui
10740248,HOUCHES (LES) TENNIS CLUB,HAUTE SAVOIE,74310,LES HOUCHES,6,0,46,155,0,0,Oui
10740181,SEVRIER TENNIS CLUB,HAUTE SAVOIE,74320,SEVRIER,5,3,193,239,12,22,Oui
10740306,POISY TENNIS CLUB,HAUTE SAVOIE,74330,POISY,4,0,61,138,1,5,Oui
10740065,SAMOENS TENNIS CLUB,HAUTE SAVOIE,74340,SAMOENS,6,0,87,125,2,9,Oui
10740130,CRUSEILLES TENNIS CLUB,HAUTE SAVOIE,74350,CRUSEILLES,3,0,180,183,5,11,Oui
10740378,ABONDANCE TENNIS CLUB,HAUTE SAVOIE,74360,ABONDANCE,2,1,53,74,0,2,Oui
10740202,ARGONAY TENNIS CLUB,HAUTE SAVOIE,74370,ARGONAY,5,0,197,189,6,8,Oui
10740120,PRINGY TENNIS CLUB,HAUTE SAVOIE,74370,PRINGY,5,2,335,498,14,22,Oui
10740180,ARGONAY DASSAULT OMNISPORTS,HAUTE SAVOIE,74370,PRINGY,2,2,49,36,2,3,Oui
10740381,VILLAZ TENNIS CLUB,HAUTE SAVOIE,74370,VILLAZ,3,0,134,158,4,6,Oui
10740497,ARTHAZ TENNIS CLUB,HAUTE SAVOIE,74380,ARTHAZ,3,0,121,130,4,10,Oui
10740325,CRANVES SALES TENNIS CLUB,HAUTE SAVOIE,74380,CRANVES SALES,4,0,55,218,4,11,Oui
10740601,LUCINGES TENNIS CLUB,HAUTE SAVOIE,74380,LUCINGES,2,0,7,44,0,1,Oui
10740054,CHAMONIX TENNIS CLUB,HAUTE SAVOIE,74400,CHAMONIX,13,4,252,267,10,17,Oui
10740367,SAINT JORIOZ TENNIS CLUB,HAUTE SAVOIE,74410,SAINT JORIOZ,5,2,201,212,3,13,Oui
10740545,BOEGE TENNIS CLUB,HAUTE SAVOIE,74420,BOEGE,3,1,15,20,1,1,Oui
10740574,MIEUSSY TENNIS CLUB,HAUTE SAVOIE,74440,MIEUSSY,2,0,75,83,2,4,Oui
10740351,TANINGES TENNIS CLUB,HAUTE SAVOIE,74440,TANINGES,4,0,40,78,1,4,Oui
10740173,VERCHAIX-MORILLON TENNIS CLUB,HAUTE SAVOIE,74440,VERCHAIX,4,0,55,77,1,5,Oui
10740215,GRAND BORNAND (LE) TENNIS CLUB,HAUTE SAVOIE,74450,LE GRAND BORNAND,6,0,54,56,0,3,Oui
10740589,SAINT JEAN DE SIXT TENNIS CLUB,HAUTE SAVOIE,74450,SAINT JEAN DE SIXT,2,0,75,100,3,6,Oui
10740289,MARNAZ TENNIS CLUB,HAUTE SAVOIE,74460,MARNAZ,4,0,42,93,2,5,Oui
10740619,BELLEVAUX TENNIS CLUB,HAUTE SAVOIE,74470,BELLEVAUX,2,0,1,44,0,0,Oui
10740544,PLATEAU D'ASSY (LE) TENNIS CLUB,HAUTE SAVOIE,74480,LE PLATEAU D'ASSY,2,0,41,46,0,4,Oui
10740502,PUBLIER T.C.AMPHION PUBLIER,HAUTE SAVOIE,74500,AMPHION LES BAINS,5,2,208,220,5,12,Oui
10740059,EVIAN TENNIS CLUB,HAUTE SAVOIE,74500,EVIAN,10,2,328,372,13,20,Oui
10740592,LUGRIN TENNIS CLUB,HAUTE SAVOIE,74500,LUGRIN,2,0,36,62,0,1,Oui
10740290,VALLEIRY TENNIS CLUB,HAUTE SAVOIE,74520,VALLEIRY,2,1,163,174,2,5,Oui
10740305,ALBY SUR CHERAN T.C.,HAUTE SAVOIE,74540,ALBY SUR CHERAN,2,0,22,50,0,1,Oui
10740595,GRUFFY TENNIS CLUB,HAUTE SAVOIE,74540,GRUFFY,2,0,25,141,2,5,Oui
10740448,SAINT FELIX TENNIS CLUB,HAUTE SAVOIE,74540,SAINT FELIX,2,0,34,54,0,2,Oui
10740554,GROISY TENNIS CLUB,HAUTE SAVOIE,74570,GROISY,2,0,108,132,2,5,Oui
10740404,T.C. THORENS,HAUTE SAVOIE,74570,THORENS - GLIERES,3,0,108,140,3,10,Oui
10740474,VIRY TENNIS CLUB,HAUTE SAVOIE,74580,VIRY,3,0,83,118,3,8,Oui
10740521,QUINTAL TENNIS CLUB,HAUTE SAVOIE,74600,QUINTAL,2,0,55,38,0,0,Oui
10740239,SEYNOD ETOILE SPORTIVE T.C.,HAUTE SAVOIE,74600,SEYNOD,11,3,406,487,7,17,Oui
10740067,SALLANCHES TENNIS CLUB,HAUTE SAVOIE,74700,SALLANCHES,7,1,306,311,7,17,Oui
10740062,ROCHE SUR FORON (LA) T.C.,HAUTE SAVOIE,74800,LA ROCHE-SUR-FORON,5,0,188,242,4,12,Oui
10740535,SAINT PIERRE EN FAUCIGNY T.C.,HAUTE SAVOIE,74800,SAINT PIERRE EN FAUCIGNY,4,0,238,255,9,15,Oui
10740543,BONS EN CHABLAIS TENNIS CLUB,HAUTE SAVOIE,74890,BONS EN CHABLAIS,4,0,123,140,3,8,Oui
10740561,COMBLOUX TENNIS CLUB,HAUTE SAVOIE,74920,COMBLOUX,3,0,0,31,0,0,Oui
10740270,REIGNIER T.C.LES ROCAILLES,HAUTE SAVOIE,74930,REIGNIER,4,1,105,344,4,8,Oui
10740218,ANNECY LE VIEUX TENNIS CLUB,HAUTE SAVOIE,74940,ANNECY LE VIEUX,9,2,950,1127,19,41,Oui
10740284,CRAN TENNIS CLUB,HAUTE SAVOIE,74960,CRAN GEVRIER,8,2,153,190,8,16,Oui
10740238,MEYTHET TENNIS CLUB,HAUTE SAVOIE,74960,MEYTHET,4,2,220,213,3,13,Oui
10740246,MARIGNIER TENNIS CLUB,HAUTE SAVOIE,74970,MARIGNIER,3,2,83,106,1,10,Oui
