ClubID,Name,Ligue,Zip,City,Outdoor,Indoor,Players,Players-1AN,Teams,Teams-1AN,School?
,TC ROTTERSAC AHLSTROM,DORDOGNE,,,0,0,20,21,4,4,Non
13240036,PERIGUEUX CA,DORDOGNE,24000,PERIGUEUX,6,5,366,444,35,37,Oui
13240039,COPO,DORDOGNE,24000,PERIGUEUX,5,1,57,66,7,9,Oui
13240525,BERGERAC TENNIS CLUB,DORDOGNE,24100,BERGERAC,7,2,308,330,31,29,Oui
13240658,BERGERAC US TENNIS,DORDOGNE,24100,BERGERAC,6,3,192,275,27,28,Oui
13240488,LEMBRAS TC,DORDOGNE,24100,LEMBRAS,2,0,47,63,6,6,Oui
13240595,SUD BERGERACOIS TC,DORDOGNE,24100,SAINT-LAURENT-DES-VIGNES,6,0,102,142,13,19,Oui
13240567,MONTREM MONTANCEIX,DORDOGNE,24110,MOMTREM,2,0,18,23,2,2,Oui
13240578,TAG ASTERIEN GRIGNOL,DORDOGNE,24110,ST ASTIER,3,2,138,211,11,10,Oui
13240209,TERRASSON TC,DORDOGNE,24120,TERRASSON,4,1,90,68,11,8,Oui
13240571,FORCE (LA) F RURAL,DORDOGNE,24130,LA FORCE,2,0,86,83,13,14,Oui
13240482,PRIGONRIEUX TC,DORDOGNE,24130,PRIGONRIEUX,3,1,67,92,8,7,Oui
13240477,VILLAMBLARD TC,DORDOGNE,24140,VILLAMBLARD,2,0,28,44,3,4,Oui
13240420,COUZE ST FRONT TC,DORDOGNE,24150,COUZE ST FRONT,2,0,28,46,8,10,Oui
13240208,LALINDE TC,DORDOGNE,24150,LALINDE,3,0,60,74,14,13,Oui
13240199,EXCIDEUIL TC,DORDOGNE,24160,EXCIDEUIL,3,1,97,110,8,10,Oui
13240240,BELVES TC,DORDOGNE,24170,BELVES,3,0,22,29,1,1,Non
13240398,SIORAC TC,DORDOGNE,24170,SIORAC-EN-PERIGORD,2,0,47,71,3,3,Oui
13240187,NEUVIC TC,DORDOGNE,24190,NEUVIC,2,1,58,66,5,5,Oui
13240106,SARLAT TC,DORDOGNE,24200,SARLAT,4,3,274,375,24,28,Oui
13240279,PERIGORD NOIR TC,DORDOGNE,24200,VITRAC,6,0,45,53,10,11,Oui
13240317,COUX TC,DORDOGNE,24220,LE COUX,3,0,59,93,14,15,Oui
13240343,ST CYPRIEN TC,DORDOGNE,24220,SAINT-CYPRIEN,1,1,8,0,0,0,Oui
13240637,MONTRAVEL TC,DORDOGNE,24230,SAINT-ANTOINE-DE-BREUILH,5,0,50,80,7,8,Oui
13240388,CENAC-DOMME TC,DORDOGNE,24250,DOMME,3,1,11,7,0,0,Oui
13240131,BUGUE TC,DORDOGNE,24260,LE BUGUE,3,1,174,175,12,14,Oui
13240044,MONTIGNAC ES,DORDOGNE,24290,MONTIGNAC,2,1,56,62,5,7,Oui
13240058,NONTRON GUI STC,DORDOGNE,24300,NONTRON,5,1,104,156,9,6,Oui
13240469,BOURDEILLES TC,DORDOGNE,24310,BOURDEILLES,2,0,29,37,4,4,Oui
13240218,BRANTOME TC,DORDOGNE,24310,BRANTOME,3,1,84,96,9,13,Oui
13240498,BASSILLAC TC,DORDOGNE,24330,BASSILLAC,2,1,66,90,4,6,Oui
13240299,MAREUIL A C,DORDOGNE,24340,MAREUIL,2,1,56,57,9,5,Oui
13240403,LISLE TC,DORDOGNE,24350,LISLE,2,0,42,24,2,2,Oui
13240170,VERGT TC,DORDOGNE,24380,VERGT,2,1,81,92,6,6,Oui
13240095,MUSSIDAN TC,DORDOGNE,24400,MUSSIDAN,2,1,58,88,6,6,Oui
13240577,ST LAURENT DES HOM,DORDOGNE,24400,ST LAURENT DES HOMMES,1,0,18,26,0,0,Oui
13240221,ST AULAYE TC,DORDOGNE,24410,SAINT-AULAYE,3,1,71,69,6,6,Oui
13240662,ANTONNE TENNIS CLUB,DORDOGNE,24420,ANTONNE,2,0,12,13,2,1,Non
13240188,SARLIAC TC,DORDOGNE,24420,SARLIAC-SUR-L'ISLE,2,0,17,27,4,6,Oui
13240584,COURSAC TC,DORDOGNE,24430,COURSAC,2,0,87,71,7,9,Oui
13240022,PERIGUEUX ASPTT,DORDOGNE,24430,MARSAC-SUR-ISLE,5,1,117,133,16,18,Oui
13240485,MARSAC/ISLE STAL,DORDOGNE,24430,MARSAC-SUR-ISLE,3,1,50,70,7,13,Oui
13240324,RAZAC SUR L'ISLE,DORDOGNE,24430,RAZAC SUR L ISLE,2,1,90,141,22,21,Oui
13240077,BEAUMONT TC,DORDOGNE,24440,BEAUMONT DU PERIGORD,3,1,66,87,8,8,Oui
13240543,COQUILLE LA (TC),DORDOGNE,24450,LA COQUILLE,5,1,69,65,10,12,Oui
13240315,VALLEE DE LA BEAURONNE-ACE TC,DORDOGNE,24460,AGONAC,4,0,67,76,9,7,Oui
13240229,BUISSON TC,DORDOGNE,24480,LE BUISSON-CADOUIN,2,1,34,55,5,6,Oui
13240103,ROCHE CHALAIS TC,DORDOGNE,24490,LA ROCHE-CHALAIS,3,1,123,121,6,8,Oui
13240505,MONPAZIER TC,DORDOGNE,24540,MONPAZIER,2,1,41,45,4,4,Oui
13240166,ISSIGEAC TC,DORDOGNE,24560,ISSIGEAC,2,0,61,76,9,7,Oui
13240286,CONDAT PAPETERIES TC,DORDOGNE,24570,LE LARDIN SAINT LAZARE,2,1,77,80,5,7,Oui
13240537,ROUFFIGNAC-LES EYZIES TC,DORDOGNE,24580,ROUFFIGNAC,4,1,66,88,10,8,Oui
13240037,RIBERACOIS CAST,DORDOGNE,24600,RIBERAC,5,0,124,132,14,12,Oui
13240661,DRONE TC,DORDOGNE,24600,ST MEARD DE DRONE,5,0,48,60,9,9,Oui
13240322,CHANCELADE TC,DORDOGNE,24650,CHANCELADE,3,1,156,171,18,22,Oui
13240339,COULOUNIEIX CHAMIERS,DORDOGNE,24660,COULOUNIEIX-CHAMIERS,3,1,194,203,28,26,Oui
13240592,SAS TENNIS,DORDOGNE,24660,NOTRE-DAME-DE-SANILHAC,2,1,36,33,2,1,Non
13240541,MENESPLET TC,DORDOGNE,24700,MENESPLET,2,1,47,71,8,9,Oui
13240142,MONTPON TC,DORDOGNE,24700,MONTPON-MENESTEROL,4,1,38,57,3,3,Oui
13240589,MOULIN NEUF,DORDOGNE,24700,MOULIN NEUF,3,1,0,18,1,3,Oui
13240632,ST MARTIAL ARTENSET,DORDOGNE,24700,SAINT-MARTIAL,2,0,43,50,7,5,Oui
13240663,ATUR TC,DORDOGNE,24750,ATUR,2,0,39,61,4,1,Oui
13240573,BOULAZAC TC,DORDOGNE,24750,BOULAZAC,4,3,489,516,37,28,Oui
13240512,CHAMPCEVINEL TC,DORDOGNE,24750,CHAMPCEVINEL,3,0,39,47,1,5,Oui
13240235,TRELISSAC TC,DORDOGNE,24750,TRELISSAC,5,3,165,215,15,18,Oui
13240160,THIVIERS TC,DORDOGNE,24800,THIVIERS,4,3,122,139,21,21,Oui
13240425,PINEUILH ST AVIT TC,DORDOGNE,33220,PINEUILH,3,1,142,173,19,22,Oui
13240664,PAYS FOYEN TENNIS CLUB,DORDOGNE,33220,PORT STE FOY ET PONCHAPT,6,0,93,119,16,17,Non
,COMMUNAUTE URBAINE BX ASC,GIRONDE,,,0,0,15,17,4,4,Non
,LYONNAISE DES EAUX AS,GIRONDE,,,0,0,12,15,7,7,Non
,AVIA CLUB,GIRONDE,,,0,0,17,17,15,15,Non
,THALES AVIONICS,GIRONDE,,,0,0,8,14,8,5,Non
,LYCEE TALENCE,GIRONDE,,,0,0,5,5,2,2,Non
,PERS J ET SPORTS (AMIC),GIRONDE,,,0,0,5,5,1,1,Non
,PORT DE BORDEAUX,GIRONDE,,,0,0,17,14,4,5,Non
,GAILLAN EN MEDOC TC,GIRONDE,,,0,0,20,28,1,1,Non
13330025,SOCBOR AS SBCIC,GIRONDE,33000,BORDEAUX,3,0,8,10,2,2,Non
13330041,GAZELEC GIRONDIN,GIRONDE,33000,BORDEAUX,3,1,21,21,6,7,Oui
13330198,ST BRUNO UNION,GIRONDE,33000,BORDEAUX,9,3,705,703,24,29,Oui
13330536,PYRENEES AQUITAINE,GIRONDE,33000,BORDEAUX,2,0,55,103,4,4,Oui
13330651,CHANTECLER BORDEAUX,GIRONDE,33000,BORDEAUX,3,0,60,62,0,0,Oui
13330660,JEUNES ST AUGUSTIN,GIRONDE,33000,BORDEAUX,3,0,85,77,4,3,Oui
13330682,ASL MUNIPX DE BORDEAUX,GIRONDE,33000,BORDEAUX,1,1,5,7,4,5,Non
13330699,CHARLES PERRENS TENNIS CLUB,GIRONDE,33000,BORDEAUX,0,0,10,8,3,3,Non
13330701,ASCEE 33,GIRONDE,33000,BORDEAUX,3,0,10,9,7,3,Non
13330067,BORDEAUX BASTIDE,GIRONDE,33100,BORDEAUX-BASTIDE,2,1,103,117,6,2,Oui
13330681,P. B. SUD OUEST,GIRONDE,33110,bordeaux,2,0,3,3,2,1,Non
13330069,STADE BORDELAIS,GIRONDE,33110,LE BOUSCAT,8,5,591,577,28,33,Oui
13330115,BOUSCAT TENNIS US,GIRONDE,33110,LE BOUSCAT,7,6,1233,1204,47,44,Oui
13330104,ST LAURENT TC,GIRONDE,33112,SAINT-LAURENT-DU-MEDOC,3,1,162,166,16,14,Oui
13330274,BARP TC,GIRONDE,33114,LE BARP,6,0,174,210,20,24,Oui
13330685,AS CEA,GIRONDE,33114,LE BARP,2,0,17,19,8,10,Non
13330073,ARCACHON TC,GIRONDE,33120,ARCACHON,20,2,240,335,21,23,Oui
13330092,MAUBUISSON TC,GIRONDE,33121,CARCANS,4,0,18,41,0,0,Non
13330552,CARCANS TC,GIRONDE,33121,CARCANS,2,1,48,63,4,4,Oui
13330350,VERDON TC,GIRONDE,33123,LE VERDON SUR MER,4,0,42,74,5,7,Oui
13330361,AUROS TC,GIRONDE,33124,AUROS,2,0,43,50,5,4,Oui
13330283,LANDES GIRONDINES TC,GIRONDE,33125,HOSTENS,5,1,76,96,8,15,Oui
13330189,FRONSAC TC,GIRONDE,33126,FRONSAC,2,0,0,8,0,0,Non
13330379,MARTIGNAS TC,GIRONDE,33127,MARTIGNAS,4,2,173,179,10,13,Oui
13330178,ST JEAN D'ILLAC TC,GIRONDE,33127,SAINT-JEAN-D'ILLAC,3,2,242,254,17,17,Oui
13330033,BEGLES CA,GIRONDE,33130,BEGLES,3,2,254,277,22,20,Oui
13330307,LANTON TC,GIRONDE,33138,LANTON,5,2,125,160,13,12,Oui
13330251,CADAUJAC TC,GIRONDE,33140,CADAUJAC,4,1,178,180,18,22,Oui
13330109,VILLENAVE TC,GIRONDE,33140,VILLENAVE D'ORNON,4,3,253,230,19,18,Oui
13330520,FRONSADAIS TCI,GIRONDE,33141,VILLEGOUGE,6,1,296,323,36,35,Oui
13330117,CENON US,GIRONDE,33150,CENON,5,4,390,410,33,34,Oui
13330693,SANOFI TENNIS CLUB,GIRONDE,33150,cenon,4,0,10,8,3,5,Non
13330263,ST AUBIN DE MEDOC AS,GIRONDE,33160,SAINT-AUBIN-DE-MEDOC,8,2,457,468,32,31,Oui
13330024,ST MEDARD/JALLES AS,GIRONDE,33160,SAINT-MEDARD-EN-JALLES,6,2,345,373,23,28,Oui
13330139,EADS (ASSA),GIRONDE,33160,SAINT-MEDARD-EN-JALLES,4,1,33,36,11,10,Oui
13330224,CETE ASC,GIRONDE,33160,SAINT-MEDARD-EN-JALLES,2,0,10,10,3,3,Non
13330367,HASTIGNAN RACING CL,GIRONDE,33160,SAINT-MEDARD-EN-JALLES,2,1,37,72,5,11,Oui
13330007,SNPE,GIRONDE,33160,ST MEDARD EN JALLES,5,1,18,22,7,6,Oui
13330028,FINANCES (ATSCAF),GIRONDE,33160,ST MEDARD EN JALLES,2,0,7,9,2,2,Non
13330050,COQS ROUGES TENNIS,GIRONDE,33170,GRADIGNAN,4,3,161,199,18,22,Oui
13330087,GRADIGNAN TC,GIRONDE,33170,GRADIGNAN,7,5,502,562,50,50,Oui
13330144,BNP ASC,GIRONDE,33170,GRADIGNAN,1,1,0,13,2,3,Non
13330013,HAILLAN AS,GIRONDE,33185,LE HAILLAN,6,2,340,370,33,37,Oui
13330151,SNECMA AS BX,GIRONDE,33187,LE HAILLAN CEDEX,3,0,14,22,10,13,Oui
13330522,GIRONDE REOLE TC,GIRONDE,33190,LA REOLE,6,1,114,124,11,13,Oui
13330021,BORDEAUX ASPTT,GIRONDE,33200,BORDEAUX,3,1,294,351,16,17,Oui
13330029,CAUDERAN AGJA,GIRONDE,33200,BORDEAUX,2,2,357,377,18,18,Oui
13330035,CAM BORDEAUX,GIRONDE,33200,BORDEAUX,7,5,655,645,30,31,Oui
13330055,VILLA PRIMROSE,GIRONDE,33200,BORDEAUX,11,7,1141,1337,48,47,Oui
13330090,LANGON TC,GIRONDE,33210,LANGON,5,3,195,174,25,24,Oui
13330404,PREIGNAC TC,GIRONDE,33210,PREIGNAC,2,0,1,18,2,4,Oui
13330430,ROAILLAN TC,GIRONDE,33210,ROAILLAN,2,0,64,63,8,8,Oui
13330385,TOULENNE TC,GIRONDE,33210,TOULENNE,3,0,157,165,17,18,Oui
13330600,ABZAC TC,GIRONDE,33230,ABZAC,3,0,40,72,6,6,Oui
13330027,EGLISOTTES ASL,GIRONDE,33230,COUTRAS,2,1,33,37,6,4,Non
13330118,COUTRAS US,GIRONDE,33230,COUTRAS,4,0,115,131,13,17,Oui
13330590,CHAMADELLE TC,GIRONDE,33230,COUTRAS,1,0,21,1,1,0,Oui
13330593,PEINTURES TC (LES),GIRONDE,33230,LES PEINTURES,2,0,15,27,0,0,Oui
13330599,GUIZIEROIS TC,GIRONDE,33230,ST MEDARD GUIZIERES,2,0,27,44,3,4,Oui
13330635,AUBIE GAURIAGUET TC,GIRONDE,33240,AUBIE-ESPESSAS,3,0,74,109,12,16,Non
13330448,CUBZAC LES PONTS AS,GIRONDE,33240,CUBZAC-LES-PONTS,2,0,78,86,10,10,Oui
13330612,PEUJARD TC,GIRONDE,33240,PEUJARD,2,1,25,59,4,10,Oui
13330294,ST ANDRE CUBZAC TC,GIRONDE,33240,SAINT-ANDRE-DE-CUBZAC,3,2,200,222,26,25,Oui
13330707,SALIGNACAIS TENNIS CLUB,GIRONDE,33240,SALIGNAC,2,0,0,0,0,0,Non
13330070,PAUILLAC STADE TC,GIRONDE,33250,PAUILLAC,3,2,92,115,14,11,Oui
13330215,TESTE TENNIS CLUB,GIRONDE,33260,LA TESTE,19,2,303,342,41,39,Oui
13330236,BOULIAC TC,GIRONDE,33270,BOULIAC,3,2,233,225,15,16,Oui
13330045,FLOIRAC CM,GIRONDE,33270,FLOIRAC,6,2,138,145,21,21,Oui
13330213,BLANQUEFORT ES,GIRONDE,33290,BLANQUEFORT,6,2,296,350,19,29,Oui
13330566,PIAN MEDOC AS,GIRONDE,33290,LE PIAN-MEDOC,4,2,266,272,31,30,Oui
13330371,LUDON US,GIRONDE,33290,LUDON,2,2,208,205,26,27,Oui
13330318,PAREMPUYRE TC,GIRONDE,33290,PAREMPUYRE,3,2,128,165,9,12,Oui
13330304,BORDEAUX NORD LE LAC,GIRONDE,33300,BORDEAUX,4,1,5,14,0,4,Non
13330655,CHARTRONS US,GIRONDE,33300,BORDEAUX,6,4,97,87,8,9,Non
13330697,BACALAN TENNIS CLUB,GIRONDE,33300,BORDEAUX,2,0,42,53,0,5,Non
13330159,LORMONT CA,GIRONDE,33310,LORMONT,6,3,157,178,19,21,Oui
13330136,PINSAN EYSINES TC,GIRONDE,33320,EYSINES,7,2,360,371,28,27,Oui
13330168,TAILLAN-FORESTIERE,GIRONDE,33320,LE TAILLAN,2,2,221,255,20,21,Oui
13330054,ST EMILION RAQUETTE,GIRONDE,33330,SAINT-EMILION,4,0,78,82,6,7,Oui
13330617,ST SULPICE FALEYRENS,GIRONDE,33330,SAINT-SULPICE-FALEYRENS,3,0,54,53,9,7,Oui
13330091,LESPARRE TC,GIRONDE,33340,LESPARRE,2,1,47,64,9,9,Oui
13330679,CASTILLON ST MAGNE TC,GIRONDE,33350,CASTILLON LA BATAILLE,5,0,56,76,6,7,Non
13330626,MOULIETS VILLEMARTIN,GIRONDE,33350,MOULIETS-VILLEMARTIN,3,0,30,26,4,4,Oui
13330492,PUJOLS CT,GIRONDE,33350,PUJOLS,2,0,19,16,4,4,Oui
13330670,STE TERRE TENNIS CLUB,GIRONDE,33350,STE TERRE,2,0,43,46,5,8,Oui
13330282,CAMBLANES QUINSAC TC,GIRONDE,33360,CAMBLANES,8,1,189,226,11,11,Oui
13330177,CARIGNAN TC,GIRONDE,33360,CARIGNAN-DE-BORDEAUX,2,3,158,168,18,23,Oui
13330436,CENAC TC,GIRONDE,33360,CENAC,3,0,62,55,9,5,Oui
13330359,LATRESNE TC,GIRONDE,33360,LATRESNE,5,2,160,190,13,12,Oui
13330261,LIGNAN US,GIRONDE,33360,LIGNAN-DE-BORDEAUX,1,1,59,57,3,4,Oui
13330074,ARTIGUES TC,GIRONDE,33370,ARTIGUES,6,2,365,376,33,35,Oui
13330368,FARGUES ST HILAIRE TC,GIRONDE,33370,FARGUES-SAINT-HILAIRE,6,1,242,238,24,23,Oui
13330233,POMPIGNAC TC,GIRONDE,33370,POMPIGNAC,4,1,97,100,14,9,Oui
13330366,SALLEBOEUF TC,GIRONDE,33370,SALLEBOEUF,2,1,102,110,12,15,Oui
13330301,TRESSES TC,GIRONDE,33370,TRESSES,3,3,238,264,32,35,Oui
13330438,YVRAC JEUNESSE,GIRONDE,33370,YVRAC,3,1,134,138,22,18,Oui
13330194,BIGANOS TC,GIRONDE,33380,BIGANOS,4,2,164,183,20,17,Oui
13330253,MARCHEPRIME TC,GIRONDE,33380,MARCHEPRIME,3,1,85,122,10,13,Oui
13330122,MIOS US,GIRONDE,33380,MIOS,5,1,89,93,16,14,Oui
13330613,BERSON TC,GIRONDE,33390,BERSON,2,0,36,45,0,0,Oui
13330068,BLAYE STADE,GIRONDE,33390,BLAYE,5,1,152,164,15,14,Oui
13330080,BORDEAUX TC,GIRONDE,33400,TALENCE,7,3,608,632,20,23,Oui
13330664,TALENCE USTCT,GIRONDE,33400,TALENCE,8,2,400,447,27,23,Oui
13330380,UCB1,GIRONDE,33405,TALENCE,8,0,19,15,6,6,Oui
13330484,LOUPIAC TC,GIRONDE,33410,LOUPIAC,2,0,80,87,4,7,Oui
13330466,BRANNE US,GIRONDE,33420,BRANNE,2,0,54,77,4,8,Oui
13330677,ESPIETAISE RAQUETTE,GIRONDE,33420,espiet,2,0,15,17,3,3,Non
13330487,GENISSAC RAQUETTE,GIRONDE,33420,GENISSAC,2,0,65,72,6,4,Oui
13330569,GREZILLAC TC,GIRONDE,33420,GREZILLAC,2,0,16,13,2,2,Oui
13330254,RAUZAN US,GIRONDE,33420,RAUZAN,3,1,123,132,7,8,Oui
13330114,BAZAS RAQUETTE,GIRONDE,33430,BAZAS,3,0,75,104,5,9,Oui
13330671,BERNOS BEAULAC FOYER RURAL,GIRONDE,33430,BERNOS BEAULAC,2,0,18,25,2,2,Oui
13330006,AMBARES AS,GIRONDE,33440,AMBARES,4,2,154,155,23,21,Oui
13330259,MONTFERRAND ES,GIRONDE,33440,ST-LOUIS-DE-MONTFERRAND,1,1,42,43,7,7,Oui
13330704,IZON TENNIS CLUB DE LOISIRS,GIRONDE,33450,IZON,2,0,50,50,5,7,Oui
13330344,MONTUSSAN TENNIS CL,GIRONDE,33450,MONTUSSAN,3,0,109,135,17,20,Oui
13330137,ST SULPICE ET CAMEYRAC JS,GIRONDE,33450,SAINT-SULPICE-ET-CAMEYRAC,4,1,74,80,12,13,Oui
13330447,ST LOUBES TC,GIRONDE,33450,ST LOUBES,4,2,208,203,25,22,Oui
13330164,ARSAC TC,GIRONDE,33460,ARSAC,4,2,168,159,9,17,Oui
13330627,CUSSAC FORT MEDOC TC,GIRONDE,33460,CUSSAC-FORT-MEDOC,2,0,58,87,5,6,Oui
13330258,MACAU TC,GIRONDE,33460,MACAU,2,2,121,119,13,14,Oui
13330521,MARGAUX TC,GIRONDE,33460,MARGAUX,2,0,26,34,3,2,Oui
13330138,GUJAN MESTRAS TC,GIRONDE,33470,GUJAN-MESTRAS,11,2,367,392,35,28,Oui
13330654,TEICH DELTA TC,GIRONDE,33470,LE TEICH,3,0,173,168,15,15,Oui
13330523,AVENSAN TC,GIRONDE,33480,AVENSAN,4,0,19,43,5,3,Oui
13330429,CASTELNAU MEDOC TC,GIRONDE,33480,CASTELNAU-DE-MEDOC,3,2,107,98,15,11,Oui
13330333,STE HELENE CA,GIRONDE,33480,SAINTE-HELENE,1,1,99,84,9,9,Oui
13330603,LA RAQUETTE DES COTEAUX,GIRONDE,33490,PIAN-SUR-GARONNE,4,0,75,101,11,13,Oui
13330561,ARVEYRES TC,GIRONDE,33500,ARVEYRES,2,1,127,120,10,10,Oui
13330440,LALANDE POMEROL TC,GIRONDE,33500,LALANDE-POMEROL,1,0,12,31,0,0,Non
13330666,BILLAUX (LES) TC,GIRONDE,33500,LES BILLAUX,1,0,38,34,6,2,Non
13330014,LIBOURNE TC,GIRONDE,33500,LIBOURNE,4,3,175,178,28,29,Oui
13330548,LIBOURNE 3E SET,GIRONDE,33500,LIBOURNE,3,2,44,126,10,12,Oui
13330072,ANDERNOS TC,GIRONDE,33510,ANDERNOS-LES-BAINS,8,2,240,266,22,29,Oui
13330140,BRUGES ES,GIRONDE,33520,BRUGES,6,2,287,271,16,18,Oui
13330076,BASSENS C M O,GIRONDE,33530,BASSENS,4,2,105,129,13,17,Oui
13330500,BLASIMON US,GIRONDE,33540,BLASIMON,5,0,82,101,12,12,Oui
13330562,ST MARTIN DU PUY TC,GIRONDE,33540,SAINT-MARTIN-DU-PUY,1,0,0,11,2,2,Non
13330321,SAUVETERRE TC,GIRONDE,33540,SAUVETERRE GUYENNE,2,1,57,59,7,9,Oui
13330669,L ARTOLIE TENNIS CLUB,GIRONDE,33550,LESTIAC,5,0,83,96,12,13,Oui
13330614,TABANAC AS,GIRONDE,33550,TABANAC,1,0,0,0,0,0,Oui
13330200,CARBON BLANC CA,GIRONDE,33560,CARBON-BLANC,5,2,181,215,26,24,Oui
13330549,STE EULALIE (SET),GIRONDE,33560,SAINTE-EULALIE,2,1,42,48,1,2,Oui
13330610,MONTAGNE TC,GIRONDE,33570,MONTAGNE,2,0,45,44,4,5,Oui
13330378,VIGNES TC,GIRONDE,33570,PUISSEGUIN,7,0,223,245,33,29,Oui
13330063,MONSEGUR SC,GIRONDE,33580,MONSEGUR,5,0,98,100,4,5,Oui
13330601,GRAYAN LE GURP TC,GIRONDE,33590,GRAYAN,4,0,0,0,0,0,Non
13330312,ST VIVIEN TC,GIRONDE,33590,SAINT-VIVIEN-DU-MEDOC,2,1,25,31,2,3,Oui
13330011,PESSAC ALOUETTE AS,GIRONDE,33600,PESSAC,4,1,218,235,19,16,Oui
13330031,BEC,GIRONDE,33600,PESSAC,4,6,32,35,7,7,Oui
13330546,CHR SPORTS,GIRONDE,33600,PESSAC,3,0,70,69,15,16,Oui
13330694,CNRS BORDEAUX,GIRONDE,33600,PESSAC,2,1,21,24,6,8,Non
13330071,PESSAC (SPUC),GIRONDE,33602,PESSAC CEDEX,8,2,369,383,27,27,Oui
13330303,CANEJAN TC,GIRONDE,33610,CANEJAN,4,2,194,253,18,21,Oui
13330059,CESTAS SAGC TENNIS,GIRONDE,33610,CESTAS,9,2,469,475,30,35,Oui
13330149,IBM,GIRONDE,33610,PESSAC,2,0,5,8,3,3,Non
13330551,CUBNEZAIS TC,GIRONDE,33620,CUBNEZAIS,4,0,73,72,8,8,Oui
13330518,AYGUEMORTE AS,GIRONDE,33640,AYGUEMORTE,3,0,92,93,10,10,Oui
13330158,GRAVES TC,GIRONDE,33640,BEAUTIRAN,1,0,6,6,0,0,Oui
13330451,BEAUTIRAN AS,GIRONDE,33640,BEAUTIRAN,2,1,119,142,14,14,Oui
13330450,CASTRES ST SELVE,GIRONDE,33640,CASTRES GIRONDE,4,0,104,94,10,8,Oui
13330171,PORTETS CA,GIRONDE,33640,PORTETS,5,0,167,166,12,14,Oui
13330476,CABANAC VILLAGRAINS,GIRONDE,33650,CABANAC,3,0,37,55,4,4,Oui
13330210,BREDE (LA) US CT,GIRONDE,33650,LA BREDE,4,2,265,272,24,21,Oui
13330554,MARTILLAC TC,GIRONDE,33650,MARTILLAC,3,0,86,91,10,11,Oui
13330710,FETE LE MUR BORDEAUX GIRONDE AQUITAINE,GIRONDE,33650,MARTILLAC,0,0,2,6,0,1,Non
13330533,ST MEDARD EYRANS TC,GIRONDE,33650,SAINT-MEDARD-D'EYRANS,2,0,55,72,9,8,Oui
13330256,SAUCATS US,GIRONDE,33650,SAUCATS,3,0,76,92,9,10,Oui
13330387,ST ANTOINE/ISLE TC,GIRONDE,33660,SAINT-ANTOINE-SUR-ISLE,2,0,0,13,0,0,Oui
13330005,ST SEURIN TC,GIRONDE,33660,SAINT-SEURIN-SUR-ISLE,4,1,126,82,14,4,Oui
13330034,CREON CA,GIRONDE,33670,CREON,4,0,147,146,14,12,Oui
13330325,CURSAN TC,GIRONDE,33670,CURSAN,1,0,31,42,6,7,Oui
13330418,SAUVE TC,GIRONDE,33670,LA SAUVE-MAJEURE,3,0,78,75,13,11,Oui
13330250,SADIRAC US,GIRONDE,33670,SADIRAC,2,0,109,82,7,6,Oui
13330057,LACANAU OCEAN SSLO,GIRONDE,33680,LACANAU,6,4,128,166,16,22,Oui
13330017,PORGE AS,GIRONDE,33680,LE PORGE,5,1,107,127,12,14,Oui
13330489,GRIGNOLS CAC,GIRONDE,33690,GRIGNOLS,3,0,54,69,7,8,Oui
13330705,CSA MERIGNAC BEAUSEJOUR,GIRONDE,33693,MERIGNAC CEDEX,1,0,3,3,2,2,Non
13330445,TIE BREAK CLUB,GIRONDE,33700,BEUTRE-MERIGNAC,3,0,36,69,0,0,Non
13330015,DASSAULT BX SPORTS,GIRONDE,33700,MERIGNAC,4,0,48,48,21,20,Non
13330051,GIRONDINS BORDEAUX,GIRONDE,33700,MERIGNAC,3,3,33,26,0,0,Non
13330457,MERIGNAC SA,GIRONDE,33700,MERIGNAC,8,4,561,626,23,23,Oui
13330619,CONS GENERAL GIRONDE,GIRONDE,33700,MERIGNAC,1,2,66,64,9,10,Non
13330684,CSLG BORDEAUX,GIRONDE,33700,MERIGNAC,1,0,2,3,3,1,Non
13330687,AIR FRANCE BORDEAUX,GIRONDE,33700,MERIGNAC,3,0,11,12,6,8,Non
13330692,AVIATION CIVILE SUD OUEST,GIRONDE,33700,MERIGNAC,2,0,54,58,19,20,Non
13330568,BOURG TC,GIRONDE,33710,BOURG-SUR-GIRONDE,2,1,179,142,13,12,Oui
13330346,PRIGNAC MARCAMPS TC,GIRONDE,33710,Prignac Marcamps,5,2,108,108,12,13,Oui
13330226,PUGNAC TPS,GIRONDE,33710,PUGNAC,3,0,62,68,8,10,Oui
13330075,BARSAC TC,GIRONDE,33720,BARSAC,4,0,71,70,8,7,Oui
13330443,CERONS TC,GIRONDE,33720,CERONS,2,1,49,60,8,10,Oui
13330516,ILLATS TC,GIRONDE,33720,ILLATS,2,1,38,35,4,6,Oui
13330053,PODENSAC TC,GIRONDE,33720,PODENSAC,3,1,151,153,16,15,Oui
13330422,RIEUFRET TC,GIRONDE,33720,SAINT-MICHEL-DE-RIEUFRET,2,0,88,92,8,8,Oui
13330547,VIRELADE TC,GIRONDE,33720,VIRELADE,2,0,14,7,0,0,Oui
13330357,ARES TC,GIRONDE,33740,ARES,4,0,62,60,5,6,Oui
13330608,BEYCHAC CAILLAU TC,GIRONDE,33750,BEYCHAC-ET-CAILLAU,2,1,44,40,4,4,Oui
13330467,ST GERMAIN PUCH TC,GIRONDE,33750,SAINT-GERMAIN-DU-PUCH,2,2,197,199,19,18,Oui
13330108,TARGON TC,GIRONDE,33760,TARGON,4,0,60,81,6,6,Oui
13330620,ESCOUSSANS TC,GIRONDE,33760,TARGON,3,0,25,21,6,4,Non
13330130,SALLES TENNIS CLUB,GIRONDE,33770,SALLES,3,1,151,159,22,20,Oui
13330107,SOULAC TC,GIRONDE,33780,SOULAC,13,2,108,124,13,11,Oui
13330668,PELLEGRUE TC,GIRONDE,33790,PELLEGRUE,2,0,0,0,0,0,Non
13330023,ASPOM SNCF,GIRONDE,33800,BORDEAUX,4,0,33,35,8,13,Oui
13330197,AMBES TC,GIRONDE,33810,AMBES,3,1,60,79,11,8,Oui
13330434,BRAUD ST LOUIS TC,GIRONDE,33820,BRAUD et SAINT LOUIS,2,1,58,38,5,3,Oui
13330288,ETAULIERS US,GIRONDE,33820,ETAULIERS,2,1,26,47,2,2,Oui
13330270,ST CIERS US,GIRONDE,33820,ST-CIERS-SUR-GIRONDE,3,1,45,40,2,2,Oui
13330264,BELIN BELIET TC,GIRONDE,33830,BELIN-BELIET,4,1,77,61,10,3,Oui
13330207,LEOGNAN TC,GIRONDE,33850,LEOGNAN,4,3,254,237,23,23,Oui
13330292,VAYRES TC,GIRONDE,33870,VAYRES,3,0,21,20,5,4,Oui
13330557,BAURECH TOURNE ENT,GIRONDE,33880,BAURECH,1,0,0,0,0,0,Non
13330172,ST CAPRAIS TC,GIRONDE,33880,ST-CAPRAIS-DE-BORDEAUX,4,0,126,110,14,14,Oui
13330088,INRA GRANDE FERRADE,GIRONDE,33883,VILLENAVE-D'ORNON,2,0,23,21,4,3,Oui
13330341,GENSACAIS TC,GIRONDE,33890,GENSAC,2,0,11,14,2,2,Non
13330441,ISLE TC,GIRONDE,33910,SAINT-DENIS-DE-PILE,4,2,160,137,19,19,Oui
13330631,SAVIGNAC S/L'ISLE TC,GIRONDE,33910,SAVIGNAC SUR ISLE,2,0,6,10,0,2,Non
13330499,ST SAVIN RAQUETTE,GIRONDE,33920,SAINT-SAVIN,2,0,102,100,14,13,Oui
13330555,ST CHRISTOLY TC,GIRONDE,33920,ST CHRISTOLY DE BLAYE,2,0,63,55,6,8,Oui
13330120,LEGE CAP FERRET TC,GIRONDE,33950,LEGE,18,2,229,265,21,22,Oui
13330653,OCEAN TC,GIRONDE,33950,LEGE CAP FERRET,3,0,27,28,2,2,Oui
13330079,AUDENGE TC,GIRONDE,33980,AUDENGE,4,0,91,97,9,10,Oui
13330201,HOURTIN USC,GIRONDE,33990,HOURTIN,6,2,99,99,14,14,Oui
13330698,E.S.CULT/ARTIST.LANDES,GIRONDE,40115,BISCARROSSE,3,0,7,7,5,5,Non
,DAMAZANAIS TENNIS CLUB,LOT ET GARONNE,,,0,0,14,0,0,0,Non
13470019,AGEN ASPTT,LOT ET GARONNE,47000,AGEN,4,2,30,29,4,4,Non
13470066,AGEN SU,LOT ET GARONNE,47000,AGEN,6,3,256,286,26,26,Oui
13470133,AGEN AMICALE LAIQUE,LOT ET GARONNE,47000,AGEN,3,0,23,36,3,3,Non
13470181,STE LIVRADE/LOT TC,LOT ET GARONNE,47110,SAINTE-LIVRADE-SUR-LOT,4,1,146,174,16,15,Oui
13470473,DURAS TC,LOT ET GARONNE,47120,DURAS,2,1,16,3,0,0,Non
13470661,CLERMONT DESSOUS TC,LOT ET GARONNE,47130,CLERMONT DESSOUS,1,0,27,29,0,0,Oui
13470375,MONTESQUIEU SPORTS CLUB,LOT ET GARONNE,47130,MONTESQUIEU,2,0,4,4,0,0,Non
13470018,PORT STE MARIE AS,LOT ET GARONNE,47130,PORT STE MARIE,4,1,53,69,4,4,Oui
13470308,PENNE D'AGENAIS TC,LOT ET GARONNE,47140,PENNE D'AGENAIS,3,0,65,83,5,5,Oui
13470459,LACAPELLE TC,LOT ET GARONNE,47150,LACAPELLE BIRON,1,0,46,50,2,1,Oui
13470123,MONFLANQUIN TC,LOT ET GARONNE,47150,MONFLANQUIN,4,1,109,114,8,7,Oui
13470273,BUZET TENNIS CLUB,LOT ET GARONNE,47160,BUZET SUR BAIZE,2,1,24,20,6,3,Non
13470660,PUCHOIS TC,LOT ET GARONNE,47160,PUCH D AGENAIS,2,0,30,54,4,5,Non
13470094,MEZIN TC,LOT ET GARONNE,47170,MEZIN,3,1,107,131,5,4,Oui
13470390,BAZEILLAIS PS,LOT ET GARONNE,47180,SAINTE-BAZEILLE,2,1,70,59,2,2,Oui
13470060,AIGUILLON SC,LOT ET GARONNE,47190,AIGUILLON,3,1,16,26,2,2,Oui
13470583,GALAPIAN TC,LOT ET GARONNE,47190,GALAPIAN,1,0,43,50,6,6,Oui
13470121,MARMANDE TC,LOT ET GARONNE,47200,MARMANDE,6,2,198,261,17,15,Oui
13470535,MARMANDE ASPTT,LOT ET GARONNE,47200,MARMANDE,2,1,48,43,7,7,Oui
13470550,BEYSSAC-VIRAZEIL TC,LOT ET GARONNE,47200,VIRAZEIL,3,1,49,48,4,6,Oui
13470659,VILLEREAL RIVES TC,LOT ET GARONNE,47210,RIVES,3,1,53,52,7,5,Oui
13470241,ASTAFFORT TC,LOT ET GARONNE,47220,ASTAFFORT,1,1,47,42,1,0,Oui
13470639,CAUDECOSTE TC,LOT ET GARONNE,47220,CAUDECOSTE,0,1,71,80,6,5,Oui
13470640,SAUVETERRE ST DENIS,LOT ET GARONNE,47220,SAUVETERRE ST DENIS,1,0,3,2,0,0,Oui
13470348,ALBRET TC,LOT ET GARONNE,47230,BARBASTE,7,3,119,130,15,13,Oui
13470320,BON ENCONTRE TC,LOT ET GARONNE,47240,BON ENCONTRE,4,2,131,154,14,9,Oui
13470636,GRANDFONDS AVENIR SP,LOT ET GARONNE,47240,CASTELCULIER,2,1,45,78,4,5,Oui
13470332,MONTS ET VALLEE TC,LOT ET GARONNE,47260,CASTELMORON SUR LOT,4,0,26,47,3,6,Oui
13470285,PUYMIROL TC,LOT ET GARONNE,47270,PUYMIROL,3,1,64,65,4,4,Oui
13470252,CANCON TC,LOT ET GARONNE,47290,CANCON,2,1,42,50,2,2,Oui
13470439,BIAS TC,LOT ET GARONNE,47300,BIAS,2,2,84,68,13,10,Oui
13470594,PUJOLAIS TC,LOT ET GARONNE,47300,PUJOLS,2,1,70,59,9,9,Oui
13470110,VILLENEUVE/LOT TC,LOT ET GARONNE,47300,VILLENEUVE-SUR-LOT,5,2,300,453,25,23,Oui
13470402,LAPLUME TC,LOT ET GARONNE,47310,LAPLUME,2,1,65,71,6,6,Oui
13470331,CLAIRAC TC,LOT ET GARONNE,47320,CLAIRAC,2,1,27,47,1,1,Oui
13470266,LAFITTE SUR LOT TC,LOT ET GARONNE,47320,LAFITTE-SUR-LOT,1,1,12,22,2,2,Non
13470127,CASTILLONNES TC,LOT ET GARONNE,47330,CASTILLONNES,4,0,71,100,6,8,Oui
13470663,PRAYSSAS TC,LOT ET GARONNE,47360,PRAYSSAS,1,0,16,32,2,2,Oui
13470384,TOURNON AST,LOT ET GARONNE,47370,TOURNON-D'AGENAIS,2,1,70,57,10,11,Oui
13470327,TOMBEBOEUF TC,LOT ET GARONNE,47380,TOMBEBOEUF,2,2,44,34,5,4,Oui
13470247,LAYRAC,LOT ET GARONNE,47390,LAYRAC,2,1,68,58,4,2,Oui
13470399,GONTAUD US,LOT ET GARONNE,47400,GONTAUD-DE-NOGARET,1,1,51,59,4,4,Oui
13470126,TONNEINS AVENIR TENNIS,LOT ET GARONNE,47400,TONNEINS,5,1,111,129,11,11,Oui
13470638,LAUZUN TC,LOT ET GARONNE,47410,LAUZUN,2,1,65,83,3,2,Oui
13470559,MAS D'AGENAIS,LOT ET GARONNE,47430,MAS D'AGENAIS,1,1,44,46,4,4,Oui
13470363,CASSENEUIL TC,LOT ET GARONNE,47440,CASSENEUIL,2,1,12,31,2,4,Oui
13470135,COLAYRAC TCC,LOT ET GARONNE,47450,COLAYRAC-SAINT-CIRQ,3,1,106,101,10,9,Oui
13470517,DONDAS TC,LOT ET GARONNE,47470,DONDAS,3,1,39,51,2,2,Oui
13470358,PONT DU CASSE C.O.,LOT ET GARONNE,47480,PONT DU CASSE,3,1,146,180,13,15,Oui
13470658,FUMEL U S T,LOT ET GARONNE,47500,FUMEL,5,2,131,147,19,20,Oui
13470426,MONTAYRAL TC,LOT ET GARONNE,47500,MONTAYRAL,4,1,203,220,11,9,Oui
13470362,FOULAYRONNES TC,LOT ET GARONNE,47510,FOULAYRONNES,3,1,111,107,10,9,Oui
13470183,AS PASSAGE TENNIS,LOT ET GARONNE,47520,LE PASSAGE,8,3,340,504,22,25,Oui
13470287,GAZELEC LOT GARONNE,LOT ET GARONNE,47520,LE PASSAGE,2,1,28,27,3,3,Non
13470265,BOE TENNIS,LOT ET GARONNE,47550,BOE,5,1,92,90,10,9,Oui
13470097,NERAC TC,LOT ET GARONNE,47600,NERAC,5,1,126,159,19,19,Oui
13470444,MONTAGNAC ECUREUILS,LOT ET GARONNE,47600,NERAC,0,1,64,52,5,3,Oui
13470116,CASTELJALOUX TC,LOT ET GARONNE,47700,CASTELJALOUX,6,0,132,141,12,10,Oui
13470016,MIRAMONT TC,LOT ET GARONNE,47800,MIRAMONT,4,1,79,159,8,9,Oui
