ClubID,Name,Ligue,Zip,City,Outdoor,Indoor,Players,Players-1AN,Teams,Teams-1AN,School?
17010043,BOURG EN BRESSE (TC DE),AIN,01000,BOURG EN BRESSE,4,4,305,376,27,31,Oui
17010167,BOURG LA CHAGNE (TENNIS),AIN,01000,BOURG EN BRESSE,8,0,28,97,1,2,Oui
17010209,ASPTT BOURG,AIN,01000,St DENIS les BOURG,7,1,91,137,7,14,Oui
17010254,CENTRE PSYCHOTHERAPIQUE DE L AIN,AIN,01012,BOURG EN BRESSE,1,1,8,11,0,0,Non
17010283,MONTMERLE SUR SAONE (TC),AIN,01090,MONTMERLE SUR SAONE,3,1,229,226,20,24,Oui
17010556,ARBENT MARCHON (TENNIS),AIN,01100,ARBENT,2,3,166,152,13,21,Oui
17010414,BELLIGNAT (CLUB TENNIS DE),AIN,01100,BELLIGNAT,3,0,80,93,8,13,Oui
17010355,GEOVRESSET (CLUB DE TENNIS),AIN,01100,GEOVREISSET,1,0,0,0,0,0,Non
17010457,MARTIGNAT (TENNIS CLUB),AIN,01100,MARTIGNAT,2,0,20,28,0,0,Oui
17010044,OYONNAX (TENNIS CLUB),AIN,01105,OYONNAX CEDEX,6,2,217,248,18,26,Oui
17010047,HAUTEVILLE (TENNIS CLUB),AIN,01110,HAUTEVILLE LOMPNES,3,0,72,74,3,5,Oui
17010435,BRESSOLLES DAGNEUX (ENTENTE),AIN,01120,DAGNEUX,4,0,0,34,0,0,Oui
17010273,BOISSE (TENNIS CLUB LA),AIN,01120,LA BOISSE,2,0,95,108,10,10,Oui
17010082,MONTLUEL (RACING CLUB DE),AIN,01120,MONTLUEL,4,2,360,367,24,31,Oui
17010123,NANTUA (TENNIS CLUB DE),AIN,01130,NANTUA,4,2,72,86,7,14,Oui
17010581,VAL DE SAONE CHALARONNE (ENTENTE TENNIS CLUB),AIN,01140,ST DIDIER SUR CHALARONNE,2,2,136,166,13,18,Oui
17010051,LAGNIEU (TENNIS CLUB DE),AIN,01150,LAGNIEU,4,2,272,267,29,35,Oui
17010583,3 RAQUETTES DE LEYMENT (LES),AIN,01150,LEYMENT,2,1,23,34,0,2,Oui
17010309,PLAINE DE L AIN (TENNIS CLUB),AIN,01150,ST VULBAS,2,2,185,171,14,18,Oui
17010251,BUGEY RHONE TENNIS,AIN,01150,VILLEBOIS,4,0,110,122,10,16,Oui
17010118,BORDS DE L'AIN (TENNIS CLUB DES),AIN,01160,NEUVILLE SUR AIN,5,0,119,132,9,15,Oui
17010104,PONDINOIS (TENNIS CLUB),AIN,01160,PONT D'AIN,5,2,127,130,15,27,Oui
17010586,SUD REVERMONT (TENNIS CLUB),AIN,01160,SAINT MARTIN DU MONT,4,0,93,129,7,9,Oui
17010086,GEX (TENNIS CLUB DE),AIN,01170,GEX,2,2,209,242,6,13,Oui
17010160,PONT DE VAUX (TENNIS CLUB),AIN,01190,PONT DE VAUX,2,1,102,123,12,16,Oui
17010052,BELLEGARDE (TENNIS CLUB DE),AIN,01200,CHATILLON EN MICHAILLE,4,2,214,244,27,31,Oui
17010143,FERNEY VOLTAIRE (TC DE),AIN,01210,FERNEY VOLTAIRE,4,3,540,552,11,14,Oui
17010115,DIVONNE LES BAINS (TC),AIN,01220,DIVONNE LES BAINS,4,4,626,616,19,26,Oui
17010544,SAUVERNY (TENNIS CLUB DE),AIN,01220,SAUVERNY,2,0,139,166,0,1,Oui
17010337,SAINT RAMBERT EN BUGEY (TC DE),AIN,01230,ST RAMBERT EN BUGEY,2,0,53,61,2,4,Oui
17010385,LENT SERVAS (TENNIS CLUB DE),AIN,01240,LENT,2,1,76,84,9,16,Oui
17010418,MARLIEUX (TENNIS CLUB DE),AIN,01240,MARLIEUX,2,0,121,140,12,19,Oui
17010578,VALLIERE (TENNIS LA),AIN,01250,CEYZERIAT,4,2,143,164,6,17,Oui
17010502,JASSERON (TENNIS CLUB),AIN,01250,JASSERON,2,0,32,37,3,6,Oui
17010579,COLIGNY (TENNIS CLUB DE),AIN,01270,COLIGNY,1,1,87,82,6,6,Oui
17010458,CROTTET (TENNIS CLUB),AIN,01290,CROTTET,2,2,91,110,9,16,Oui
17010580,CRUZILLES LES MEPILLAT (UNION SPORTIVE),AIN,01290,CRUZILLES LES MEPILLAT,1,0,3,11,0,0,Non
17010352,GRIEGES (TENNIS CLUB DE),AIN,01290,GRIEGES,3,0,47,52,4,12,Non
17010437,PONT DE VEYLE (TENNIS CLUB DE),AIN,01290,PONT DE VEYLE,2,0,28,26,2,3,Oui
17010090,BELLEY (TENNIS CLUB DE),AIN,01300,BELLEY,4,2,118,167,3,9,Oui
17010497,BREGNIER CORDON (TENNIS CLUB),AIN,01300,BREGNIER CORDON,2,0,41,29,1,1,Non
17010585,BUELLAS ST DENIS (TENNIS CLUB),AIN,01310,BUELLAS,5,2,195,203,14,18,Oui
17010468,POLLIAT (TENNIS CLUB DE),AIN,01310,POLLIAT,3,1,175,176,12,15,Oui
17010506,SAINT REMY (TENNIS CLUB DE),AIN,01310,ST REMY,2,1,50,71,5,8,Oui
17010242,CHALAMONTENNIS,AIN,01320,CHALAMONT,2,1,147,150,20,22,Oui
17010359,CHATILLON LA PALUD (TC),AIN,01320,CHATILLON LA PALUD,2,1,67,86,12,10,Oui
17010582,CLOS (TENNIS CLUB DU),AIN,01320,ST NIZIER LE DESERT,1,0,0,28,0,1,Oui
17010096,VILLARS LES DOMBES (TC),AIN,01330,VILLARS LES DOMBES,5,1,158,154,11,14,Oui
17010370,ATTIGNAT (TENNIS CLUB),AIN,01340,ATTIGNAT,2,1,99,104,10,14,Oui
17010571,FOISSIAT (TENNIS CLUB DE),AIN,01340,FOISSIAT,2,0,27,18,3,5,Non
17010477,PLANETE TENNIS,AIN,01340,ST DIDIER D AUSSIAT,10,1,131,176,19,27,Oui
17010119,CULOZ TENNIS (US),AIN,01350,CULOZ,2,2,72,99,2,5,Oui
17010277,BALAN (TENNIS CLUB DE),AIN,01360,BALAN,3,1,107,103,5,11,Oui
17010295,LOYETTES SECTION TENNIS (US),AIN,01360,LOYETTES,3,0,21,19,1,2,Oui
17010237,REVERMONT (TENNIS CLUB DU),AIN,01370,TREFFORT CUISIAT,7,1,122,129,10,10,Oui
17010409,BAGE DOMMARTIN (TC DES 3),AIN,01380,BAGE LE CHATEL,2,0,61,83,5,9,Oui
17010566,MENTHON (TENNIS CLUB DU),AIN,01380,ST CYR SUR MENTHON,2,2,52,60,5,5,Oui
17010577,CIVRIEUX (TENNIS CLUB DE),AIN,01390,CIVRIEUX,3,1,13,10,0,0,Oui
17010575,MIONNAY (TENNIS CLUB DE),AIN,01390,MIONNAY,1,1,166,164,25,26,Oui
17010322,SAINT ANDRE DE CORCY (TCM),AIN,01390,ST ANDRE DE CORCY,4,0,178,178,13,23,Oui
17010498,TRAMOYES (TENNIS CLUB DE),AIN,01390,TRAMOYES,2,0,75,64,1,4,Oui
17010106,CHATILLONNAIS (TENNIS CLUB),AIN,01400,CHATILLON SUR CHALARONNE,3,1,194,203,24,25,Oui
17010464,NEUVILLOIS (TENNIS CLUB),AIN,01400,NEUVILLE LES DAMES,2,0,104,110,6,14,Oui
17010356,SEYSSEL CORBONOD (TENNIS CLUB),AIN,01420,CORBONOD,4,1,112,88,2,6,Oui
17010156,FLEYRIAT (TENNIS SQUASH),AIN,01440,VIRIAT,9,0,3,2,0,0,Oui
17010422,VIRIAT TENNIS CLUB,AIN,01440,VIRIAT,2,2,225,222,23,41,Oui
17010218,MONTREAL LA CLUSE (AS),AIN,01460,MONTREAL LA CLUSE,2,2,204,222,23,28,Oui
17010499,BEAUREGARD (TENNIS CLUB DE),AIN,01480,BEAUREGARD,0,2,70,76,5,9,Non
17010485,CHALEINS TENNIS (US),AIN,01480,CHALEINS,2,0,24,20,0,0,Oui
17010449,FAREINS (TENNIS CLUB DE),AIN,01480,FAREINS,2,2,130,136,12,17,Oui
17010511,JASSANS (TENNIS CLUB DE),AIN,01480,JASSANS RIOTTIER,2,0,165,175,13,19,Oui
17010396,MESSIMY SUR SAONE (TC DE),AIN,01480,MESSIMY SUR SAONE,2,0,35,55,3,5,Non
17010342,HAUT FORMANS (TENNIS CLUB DU),AIN,01480,SAVIGNEUX,5,0,64,90,6,16,Oui
17010574,VILLENEUVE (TENNIS AVSD),AIN,01480,VILLENEUVE,1,1,71,72,8,11,Oui
17010049,AMBARROIS TENNIS (CLUB),AIN,01500,AMBERIEU EN BUGEY,4,2,220,212,23,30,Oui
17010480,ASEGF AMBERIEU,AIN,01500,AMBERIEU EN BUGEY,2,0,5,6,0,0,Non
17010252,AMBRONAY/JUJU./ST JEAN (ENTENTE),AIN,01500,AMBRONAY,4,1,42,62,0,2,Oui
17010509,CHATEAU-SAINT DENIS (TENNIS CLUB),AIN,01500,CHATEAU GAILLARD,4,0,19,28,1,5,Non
17010169,VONNAS (TENNIS CLUB DE),AIN,01540,VONNAS,3,0,79,82,9,17,Oui
17010293,COLLONGES (TENNIS CLUB),AIN,01550,COLLONGES,2,0,3,9,0,0,Oui
17010186,HAUTE BRESSE (TCI DE),AIN,01560,ST TRIVIER DE COURTES,6,0,33,71,3,9,Oui
17010245,FEILLENS (TENNIS CLUB DE),AIN,01570,FEILLENS,2,3,150,141,9,19,Oui
17010376,MANZIAT (TENNIS CLUB DE),AIN,01570,MANZIAT,2,0,56,53,3,5,Oui
17010259,IZERNORE (TENNIS CLUB),AIN,01580,IZERNORE,2,0,79,88,2,11,Oui
17010282,DORTAN LAVANCIA (TENNIS CLUB),AIN,01590,DORTAN,2,0,19,27,1,2,Oui
17010522,MASSIEUX (AS TENNIS DE),AIN,01600,MASSIEUX,2,0,127,147,9,8,Oui
17010361,MISERIEUX (TENNIS CLUB DE),AIN,01600,MISERIEUX,2,0,109,125,10,18,Oui
17010219,REYRIEUX (TENNIS CLUB DE),AIN,01600,REYRIEUX,3,1,156,161,10,13,Oui
17010470,SAINT DIDIER DE FORMANS (TC),AIN,01600,ST DIDIER DE FORMANS,2,0,71,79,10,11,Oui
17010045,TREVOUX (TENNIS CLUB DE),AIN,01600,TREVOUX,4,2,222,262,15,23,Oui
17010475,SERGY (TENNIS CLUB),AIN,01630,SERGY,2,0,38,98,0,1,Oui
17010145,SAINT GENIS POUILLY (TC),AIN,01630,ST GENIS POUILLY,5,0,62,87,3,6,Non
17010383,MEZERIAT (TENNIS CLUB DE),AIN,01660,MEZERIAT,2,0,80,102,9,13,Oui
17010518,TIE BREAK BEYNOLAN,AIN,01700,BEYNOST,2,0,73,103,2,5,Oui
17010344,MIRIBEL TENNIS CLUB,AIN,01700,MIRIBEL,4,2,367,443,23,32,Oui
17010584,ECHETOIS (LE TENNIS),AIN,01700,MIRIBEL,2,0,0,33,0,0,Oui
17010357,NEYRON (TENNIS CLUB DE),AIN,01700,NEYRON,3,1,103,117,7,9,Oui
17010050,SAINT MAURICE (TENNIS),AIN,01700,ST MAURICE DE BEYNOST,5,2,223,217,12,14,Oui
17010530,BOURG SAINT CHRISTOPHE (TC 90),AIN,01800,BOURG ST CHRISTOPHE,1,0,40,49,4,6,Oui
17010046,MEXIMIEUX (TENNIS CLUB DE),AIN,01800,MEXIMIEUX,4,2,267,299,14,19,Oui
17010362,SAINT JEAN DE NIOST (TC),AIN,01800,ST JEAN DE NIOST,2,0,61,73,5,7,Oui
17010351,SAINT MAURICE DE GOURDANS (TC),AIN,01800,ST MAURICE DE GOURDANS,2,1,90,104,16,14,Oui
17010328,MARBOZ (ES DE),AIN,01851,MARBOZ,2,0,100,122,18,22,Oui
17010112,PERONNAS TENNIS (AS),AIN,01960,PERONNAS,4,1,157,176,19,17,Oui
17010202,UTINGEOIS (TENNIS CLUB),AIN,01990,ST TRIVIER SUR MOIGNANS,2,1,101,98,15,16,Oui
17420097,MICHON SAINT ETIENNE (TENNIS CLUB DE),LOIRE,42000,SAINT ETIENNE,7,0,637,657,27,22,Oui
17420063,SAINT ETIENNE (TENNIS CLUB),LOIRE,42000,ST ETIENNE,6,6,165,187,20,21,Oui
17420592,ROCHETAILLEE (TENNIS CLUB DE),LOIRE,42100,ROCHETAILLEE,1,0,39,41,1,1,Oui
17420332,BEAULIEU (AL DE),LOIRE,42100,SAINT ETIENNE,2,0,74,61,0,0,Oui
17420369,PALLE (TENNIS CLUB DE LA),LOIRE,42100,SAINT ETIENNE,1,0,0,35,0,0,Oui
17420393,CLEPPE (TENNIS CLUB DE),LOIRE,42110,CLEPPE,1,0,37,59,10,10,Oui
17420061,FEURS (TENNIS CLUB DE),LOIRE,42110,FEURS,4,0,172,180,18,19,Oui
17420569,ETANG (TENNIS DE L),LOIRE,42110,SAINT MARTIN LESTRA,2,0,28,36,2,2,Oui
17420594,FIDESIENNE DE TENNIS (ASSOCIATION),LOIRE,42110,STE FOY STE SULPICE,1,0,33,21,1,1,Oui
17420226,COMMELLE VERNAY (TC DE),LOIRE,42120,COMMELLE VERNAY,2,0,72,83,10,7,Oui
17420256,COSTELLOIS (TENNIS CLUB),LOIRE,42120,LE COTEAU,4,0,17,14,2,0,Oui
17420200,COUZAN ASTREE (TENNIS CLUB),LOIRE,42130,Boen,4,0,97,95,21,20,Oui
17420583,MARCILLY PRALONG (TENNIS CLUB DE),LOIRE,42130,MARCILLY LE CHATEL,2,0,70,87,0,0,Oui
17420454,SAINT CYR L HOPITAL (TC),LOIRE,42132,SAINT CYR DE FAVIERES,2,0,27,31,3,3,Non
17420585,RICAMARIE (TENNIS CLUB LA),LOIRE,42150,LA RICAMARIE,5,0,73,86,12,12,Oui
17420420,RIORGEOIS (TENNIS CLUB DE),LOIRE,42153,RIORGES,4,2,238,243,25,26,Oui
17420390,POUILLY LES NONAINS (AS),LOIRE,42155,POUILLY LES NONAINS,2,1,51,49,5,5,Oui
17420210,BONSONNAIS (TENNIS CLUB),LOIRE,42160,BONSON,2,0,86,97,7,8,Oui
17420181,SAINT CYPRIEN (TENNIS CLUB DE),LOIRE,42160,SAINT CYPRIEN,2,0,80,79,5,4,Oui
17420151,ANDREZIEUX BOUTHEON (TC),LOIRE,42163,ANDREZIEUX BOUTHEON CEDEX,4,6,300,300,23,34,Oui
17420092,SAINT JUST ST RAMBERT QUERI (TC),LOIRE,42170,SAINT JUST SAINT RAMBERT,4,4,426,482,31,31,Oui
17420205,CHARLIEU (TENNIS CLUB DE),LOIRE,42190,CHARLIEU,3,0,157,169,18,14,Oui
17420264,CRAINTILLEUX L'HOPITAL (TENNIS),LOIRE,42210,CRAINTILLEUX,2,0,12,11,2,2,Oui
17420068,MONTRONDAIS (TENNIS CLUB),LOIRE,42210,MONTROND LES BAINS,2,1,103,98,4,6,Oui
17420551,SAINT ANDRE SPORT SECTION TENNIS,LOIRE,42210,SAINT ANDRE LE PUY,2,0,57,51,4,5,Oui
17420329,BOURGUISAN (TENNIS CLUB),LOIRE,42220,BOURG ARGENTAL,4,0,103,112,9,6,Oui
17420580,PIRAILLON (TENNIS CLUB),LOIRE,42220,ST JULIEN MOLIN MOLETTE,2,0,7,14,1,1,Oui
17420095,ROUCHON (TENNIS CLUB),LOIRE,42230,ROCHE LA MOLIERE,3,3,96,108,6,6,Oui
17420446,SAINT VICTOR SUR LOIRE (CLT),LOIRE,42230,SAINT VICTOR SUR LOIRE,2,0,84,86,2,2,Oui
17420584,ISERON (TENNIS CLUB DE L'),LOIRE,42230,ST VICTOR SUR LOIRE,3,0,19,45,3,5,Oui
17420199,SAINT PAUL EN CORNILLON (ASC),LOIRE,42240,SAINT PAUL EN CORNILLON,2,0,45,58,9,6,Oui
17420161,UNIEUX (TENNIS CLUB),LOIRE,42240,UNIEUX,5,2,257,302,12,13,Oui
17420591,POMMIER (TENNIS CLUB),LOIRE,42260,POMMIERS EN FOREZ,1,0,48,47,0,0,Oui
17420297,GERMANOIS (TENNIS CLUB),LOIRE,42260,SAINT GERMAIN LAVAL,2,1,31,19,1,1,Oui
17420196,SAINT PRIEST EN JAREZ (TCSPJ),LOIRE,42270,SAINT PRIEST EN JAREZ,2,2,272,282,15,15,Oui
17420103,SORBIERS (TENNIS CLUB DE),LOIRE,42290,SORBIERS,2,2,95,88,8,5,Oui
17420222,MABLY (TENNIS CLUB DE),LOIRE,42300,MABLY,4,2,173,144,15,13,Oui
17420055,ROANNE (TENNIS CLUB AS),LOIRE,42300,ROANNE,6,3,318,425,28,33,Oui
17420056,MATEL SPORTS TENNIS,LOIRE,42300,ROANNE,6,3,261,311,21,21,Oui
17420250,VILLEREST (TENNIS CLUB DE),LOIRE,42300,VILLEREST,5,0,132,152,11,12,Oui
17420246,PACAUDIERE (TENNIS CLUB LA),LOIRE,42310,LA PACAUDIERE,2,0,83,85,8,8,Oui
17420510,SAINT CHRISTO EN JAREZ (TC),LOIRE,42320,SAINT CHRISTO EN JAREZ,2,0,61,60,4,4,Oui
17420324,CSADN TENNIS,LOIRE,42328,ROANNE CEDEX,2,2,13,15,2,2,Non
17420469,AVEIZIEUX (TENNIS CLUB),LOIRE,42330,AVEIZIEUX,1,0,14,20,0,0,Non
17420471,CHAMBOEUF (TENNIS CLUB),LOIRE,42330,CHAMBOEUF,2,0,139,151,12,15,Oui
17420391,SAINT BONNET LES OULES (TC),LOIRE,42330,SAINT BONNET LES OULES,2,0,59,76,1,0,Oui
17420059,SAINT GALMIER (TENNIS CLUB),LOIRE,42330,SAINT GALMIER,6,3,305,343,23,25,Oui
17420159,VEAUCHE (TENNIS CLUB DE),LOIRE,42340,VEAUCHE,5,0,198,227,15,17,Oui
17420561,VEAUCHETTE (TENNIS CLUB DE),LOIRE,42340,VEAUCHETTE,2,0,24,28,6,5,Oui
17420223,TALAUDIERE (TENNIS CLUB DE LA),LOIRE,42350,LA TALAUDIERE,4,1,190,200,19,19,Oui
17420070,PANISSIERES (CA),LOIRE,42360,PANISSIERES,3,0,69,68,8,8,Oui
17420536,RENAISON (TENNIS CLUB DE),LOIRE,42370,RENAISON,2,0,52,68,7,8,Oui
17420288,SAINT ALBAN (TENNIS CLUB DE),LOIRE,42370,SAINT ALBAN LES EAUX,3,1,141,158,15,13,Oui
17420316,HAUT FOREZ SAINT BONNET (TC DU),LOIRE,42380,SAINT BONNET LE CHATEAU,2,0,28,22,0,0,Non
17420077,ASPTT SAINT ETIENNE,LOIRE,42390,VILLARS,2,0,9,12,0,0,Oui
17420130,VILLARS (TENNIS CLUB DE),LOIRE,42390,VILLARS,3,2,270,246,15,13,Oui
17420088,SAINT CHAMOND (TEN SQUASH CLUB),LOIRE,42400,SAINT CHAMOND,6,5,325,404,25,28,Oui
17420453,CHAVANOISE TENNIS (ASSOCIATION),LOIRE,42410,CHAVANAY,3,0,120,127,13,14,Oui
17420419,PELUSSIN (TENNIS CLUB DE),LOIRE,42410,PELUSSIN,3,0,61,73,5,6,Oui
17420503,LORETTE (TENNIS CLUB),LOIRE,42420,LORETTE,3,0,34,53,6,4,Oui
17420331,HAUT FOREZ NOIRETABLE (TC DU),LOIRE,42440,NOIRETABLE,2,1,43,34,4,1,Non
17420116,SURYQUOIS (TENNIS CLUB),LOIRE,42450,SURY LE COMTAL,3,1,130,129,16,14,Oui
17420537,COUTOUVRE (TENNIS CLUB DE),LOIRE,42460,COUTOUVRE,1,0,24,27,2,1,Oui
17420587,SAINT SYMPHORIEN DE LAY (TENNIS CLUB DE),LOIRE,42470,ST SYMPHORIEN DE LAY,2,1,62,51,6,6,Oui
17420124,FOUILLOUSE (TENNIS CLUB LA),LOIRE,42480,LA FOUILLOUSE,3,1,108,135,5,5,Oui
17420575,FRAISSES (AL),LOIRE,42490,FRAISSES,1,0,15,15,0,0,Oui
17420064,CHAMBON FEUGEROLLES (TC),LOIRE,42500,LE CHAMBON FEUGEROLLES,7,0,54,70,4,7,Oui
17420201,BALBIGNY (TENNIS CLUB DE),LOIRE,42510,BALBIGNY,2,0,24,36,3,2,Oui
17420292,MACLAS (TENNIS CLUB DE),LOIRE,42520,MACLAS,3,1,100,141,9,7,Oui
17420180,SAINT GENEST LERPT (TC),LOIRE,42530,SAINT GENEST LERPT,3,0,89,103,7,8,Oui
17420249,SAINT JUST LA PENDUE (TC),LOIRE,42540,SAINT JUST LA PENDUE,2,1,65,58,11,11,Oui
17420567,USSONNAISE (SOCIETE SPORTIVE),LOIRE,42550,USSON EN FOREZ,5,0,38,67,2,2,Oui
17420423,HEANDAIS (TENNIS CLUB),LOIRE,42570,SAINT HEAND,2,1,160,149,14,9,Oui
17420520,TOUR EN JAREZ (TENNIS CLUB LA),LOIRE,42580,LA TOUR EN JAREZ,2,0,84,86,1,0,Non
17420486,CHALAINOIS (TENNIS CLUB),LOIRE,42600,CHALAIN LE COMTAL,2,0,41,45,2,2,Oui
17420547,LEZIGNEUX (TENNIS CLUB DE),LOIRE,42600,LEZIGNEUX,2,0,118,134,11,12,Oui
17420053,MONTBRISON (TENNIS CLUB),LOIRE,42600,MONTBRISON,6,3,336,429,17,20,Oui
17420323,SAVIGNEUX (TENNIS CLUB DE),LOIRE,42600,SAVIGNEUX EN FOREZ,3,2,221,197,20,21,Oui
17420126,PIC (TENNIS CLUB DU),LOIRE,42610,SAINT ROMAIN LE PUY,2,1,111,116,15,18,Oui
17420171,REGNY (TENNIS CLUB DE),LOIRE,42630,REGNY,2,1,52,69,4,5,Oui
17420455,SAINT ROMAIN LA MOTTE (TC),LOIRE,42640,SAINT ROMAIN LA MOTTE,1,0,42,44,4,5,Oui
17420593,MARLHES (TENNIS CLUB DE),LOIRE,42660,MARLHES,2,1,12,14,1,1,Oui
17420589,SAINT GENEST MALIFAUX (TENNIS CLUB DE),LOIRE,42660,ST GENEST MALIFAUX,2,1,33,29,0,0,Oui
17420395,BELMONT DE LA LOIRE (TC),LOIRE,42670,BELMONT DE LA LOIRE,2,1,0,25,2,2,Oui
17420263,MARCELLINOIS (TENNIS CLUB),LOIRE,42680,SAINT MARCELLIN EN FOREZ,2,0,133,151,10,8,Oui
17420057,FIRMINY (TENNIS CLUB DE),LOIRE,42700,FIRMINY,6,2,157,160,16,13,Oui
17420488,BRIENNON (TENNIS CLUB DE),LOIRE,42720,BRIENNON,2,0,10,12,2,1,Oui
17420281,BENISSON DIEU (TENNIS CLUB LA),LOIRE,42720,LA BENISSON DIEU,3,0,13,30,3,4,Non
17420434,POUILLY SOUS CHARLIEU (TC),LOIRE,42720,POUILLY SOUS CHARLIEU,2,0,75,59,6,3,Oui
17420366,VOUGY (TENNIS CLUB DE),LOIRE,42720,VOUGY,2,0,12,23,1,2,Oui
17420058,DORLAY (TENNIS CLUB DE),LOIRE,42740,SAINT PAUL EN JAREZ,5,0,132,134,16,10,Oui
17420296,DIONYSIENNE (ES),LOIRE,42750,SAINT DENIS DE CABANNE,2,0,63,75,10,11,Oui
17420482,CHATEAUNEUF TENNIS (ASC),LOIRE,42800,CHATEAUNEUF,3,0,0,0,0,0,Oui
17420392,GENILAC (TENNIS CLUB DE),LOIRE,42800,GENILAC,2,0,50,60,1,0,Oui
17420102,RIVE DE GIER (TENNIS CLUB DE),LOIRE,42800,RIVE DE GIER,6,2,231,250,21,25,Oui
17420452,SAINT JOSEPH (TENNIS CLUB),LOIRE,42800,SAINT JOSEPH,2,0,59,76,2,2,Oui
17420388,ROZIER EN DONZY (TENNIS CLUB DE),LOIRE,42810,ROZIER EN DONZY,3,1,89,112,11,9,Oui
17420301,AMBIERLE (TENNIS CLUB),LOIRE,42820,AMBIERLE,2,0,6,8,0,0,Oui
17420590,MONTAGNY (ASSOCIATION TENNIS),LOIRE,42840,MONTAGNY,1,0,22,26,1,1,Oui
17420491,SAINT FERREOL GAMPILLE (AS),LOIRE,43330,SAINT FERREOL D AUROURE,2,1,71,78,4,3,Oui
17420221,HURONGUES (TC SIVOM),LOIRE,69590,POMEYS,4,0,201,202,11,14,Oui
17690512,LYON I (TENNIS),RHONE,69001,LYON,2,0,215,233,5,4,Oui
17690443,LYON III (TENNIS),RHONE,69003,LYON,2,0,215,214,8,7,Oui
17690009,LYON METROPOLE SPORTS,RHONE,69004,LYON,8,3,11,14,1,1,Non
17690217,CROIX ROUSSE (TENNIS CLUB),RHONE,69004,LYON,6,0,586,593,19,17,Oui
17690033,MUNICIPAL 5EME (TENNIS CLUB),RHONE,69005,LYON,9,4,910,1044,25,26,Oui
17690005,LOU TENNIS PARC,RHONE,69007,LYON,4,4,649,664,18,16,Oui
17690165,ASCUL - AS GRAND LYON,RHONE,69007,LYON,7,3,682,723,15,15,Oui
17690594,BABOLAT VS,RHONE,69007,LYON,1,1,12,21,0,0,Non
17690035,CSAGL TENNIS ARMEES,RHONE,69007,LYON 07,5,0,35,34,4,3,Oui
17690568,LYON 8 (CLUB SPORTIF),RHONE,69008,LYON,2,0,101,105,5,7,Oui
17690593,ACE TENNIS SAINT JEAN DE DIEU (CLUB),RHONE,69008,LYON,2,0,11,7,0,0,Oui
17690018,RHODIA VAISE (TENNIS CLUB),RHONE,69009,LYON,5,3,588,634,19,20,Oui
17690142,FORT (TENNIS CLUB DU),RHONE,69009,LYON,4,0,105,94,5,5,Oui
17690526,SAINT RAMBERT TENNIS CLUB,RHONE,69009,LYON,7,0,260,360,19,21,Oui
17690001,LYON (TENNIS CLUB DE),RHONE,69100,VILLEURBANNE,15,10,1132,1139,33,31,Oui
17690012,ASUL TENNIS,RHONE,69100,VILLEURBANNE,7,6,816,843,21,24,Oui
17690014,RHONE SPORTIF TENNIS,RHONE,69100,VILLEURBANNE,5,0,117,118,10,7,Oui
17690015,LUGDUNUM (GROUPE SPORTIF),RHONE,69100,VILLEURBANNE,7,0,46,79,5,5,Oui
17690034,ASCEM TENNIS,RHONE,69100,VILLEURBANNE,4,0,9,23,0,0,Non
17690228,SET VILLEURBANNAIS (CLUB),RHONE,69100,VILLEURBANNE,4,0,96,111,9,9,Oui
17690336,GRATTE CIEL (ASL),RHONE,69100,VILLEURBANNE,4,0,68,63,0,0,Oui
17690007,CHAVRIL TENNIS CLUB,RHONE,69110,SAINTE FOY LES LYON,6,5,632,647,15,17,Oui
17690326,FIDESIEN (TENNIS CLUB),RHONE,69110,SAINTE FOY LES LYON,3,4,653,679,20,21,Oui
17690019,VAULX EN VELIN (CLUB TENNIS DE),RHONE,69120,VAULX EN VELIN,2,4,245,265,17,12,Oui
17690236,COLOMBIER SAUGNIEU (TC),RHONE,69124,COLOMBIER SAUGNIEU,2,0,65,59,1,2,Oui
17690402,BRINDAS (TCM),RHONE,69126,BRINDAS,4,2,195,184,17,11,Oui
17690163,CHARRIERE BLANCHE (TC DE),RHONE,69130,ECULLY,3,0,62,67,2,2,Oui
17690185,ECULLY (TENNIS CLUB),RHONE,69130,ECULLY,8,3,395,518,12,16,Oui
17690548,CENTRALE TENNIS CLUB,RHONE,69130,ECULLY,4,0,35,34,0,0,Non
17690076,PAPE (TENNIS CLUB DE LA),RHONE,69140,RILLIEUX LA PAPE,9,7,547,614,29,28,Oui
17690040,DECINES (TENNIS CLUB DE),RHONE,69150,DECINES,6,4,440,512,28,28,Oui
17690303,CRAN TENNIS (LE),RHONE,69160,TASSIN LA DEMI LUNE,4,0,273,305,12,9,Oui
17690602,TARARE (TENNIS CLUB DE),RHONE,69170,TARARE,4,0,35,41,6,2,Oui
17690020,SAINT FONS (CO),RHONE,69190,SAINT FONS,5,0,92,97,6,6,Oui
17690195,VENISSIEUX (TENNIS CLUB),RHONE,69200,VENISSIEUX,5,0,109,128,12,9,Oui
17690381,MOULIN A VENT TENNIS,RHONE,69200,VENISSIEUX,4,1,192,208,14,12,Oui
17690410,ESDPR,RHONE,69200,VENISSIEUX,2,0,64,88,5,5,Non
17690595,CORPS TENNIS,RHONE,69200,VENISSIEUX,4,0,5,6,0,0,Non
17690416,BULLY (TENNIS CLUB DE),RHONE,69210,BULLY,2,0,0,19,0,1,Oui
17690504,FLEURIEUX SUR L ARBRESLE (TC),RHONE,69210,FLEURIEUX SUR L'ARBRESLE,2,0,114,127,8,7,Oui
17690120,ARBRESLE (TCA DE L),RHONE,69210,L'ARBRESLE,4,0,111,105,11,9,Oui
17690341,LENTILLY TENNIS CLUB,RHONE,69210,LENTILLY,6,0,276,298,27,28,Oui
17690572,SAINT GERMAIN NUELLES (TC),RHONE,69210,SAINT GERMAIN/L ARBRESLE,2,1,120,115,10,8,Oui
17690284,SAINT PIERROIS (TENNIS),RHONE,69210,SAINT PIERRE LA PALUD,2,0,153,161,14,14,Oui
17690325,SAVIGNOIS (TENNIS CLUB),RHONE,69210,SAVIGNY,2,0,77,67,5,4,Oui
17690550,SOURCIEUX LES MINES (TC DE),RHONE,69210,SOURCIEUX LES MINES,2,0,112,127,9,7,Oui
17690039,BELLEVILLE (TENNIS CLUB DE),RHONE,69220,BELLEVILLE SUR SAONE,3,0,181,164,9,10,Oui
17690514,CERCIE (TENNIS CLUB),RHONE,69220,CERCIE,2,1,63,67,7,8,Oui
17690578,CORCELLES EN BEAUJOLAIS (TC),RHONE,69220,CORCELLES EN BEAUJOLAIS,2,0,47,37,2,2,Oui
17690069,SAINT GENIS LAVAL (TENNIS CLUB),RHONE,69230,SAINT GENIS LAVAL,5,0,375,398,13,16,Oui
17690140,THIZY-BOURG DE THIZY (TENNIS CLUB DE),RHONE,69240,BOURG DE THIZY,2,1,93,150,6,6,Oui
17690258,MONTANAY (TENNIS CLUB DE),RHONE,69250,MONTANAY,2,2,224,221,16,17,Oui
17690026,NEUVILLOIS (TENNIS CLUB),RHONE,69250,NEUVILLE SUR SAONE,4,2,289,304,22,20,Oui
17690467,POLEYMIEUX (TENNIS CLUB DE),RHONE,69250,POLEYMIEUX,2,0,34,35,0,0,Oui
17690299,CHARBONNIERES (TENNIS CLUB),RHONE,69260,CHARBONNIERES LES BAINS,10,2,664,757,24,23,Oui
17690563,CAILLOUX SUR FONTAINES (TC DE),RHONE,69270,CAILLOUX SUR FONTAINES,3,0,140,137,12,10,Oui
17690028,COUZON (TENNIS CLUB DE),RHONE,69270,COUZON AU MONT D'OR,3,0,139,143,8,9,Oui
17690484,SAINT MARTINOISE TENNIS (AS),RHONE,69270,FONTAINES SAINT MARTIN,2,0,67,80,5,5,Oui
17690360,RONZIERES (TENNIS CLUB DES),RHONE,69270,FONTAINES SUR SAONE,3,0,306,332,12,14,Oui
17690183,ROCHETAILLEE (TENNIS CLUB DE),RHONE,69270,ROCHETAILLEE SUR SAONE,3,0,38,33,3,2,Oui
17690379,MARCY L ETOILE (TENNIS CLUB),RHONE,69280,MARCY L ETOILE,3,2,407,402,21,20,Oui
17690114,CRAPONNE TENNIS (AS),RHONE,69290,CRAPONNE,4,1,342,357,16,19,Oui
17690225,GREZIEU TENNIS (AS),RHONE,69290,GREZIEU LA VARENNE,2,4,330,347,12,12,Oui
17690166,SAINT GENOISE (ENTENTE),RHONE,69290,SAINT GENIS LES OLLIERES,4,0,169,117,16,16,Oui
17690003,FCL TENNIS (ASSOCIATION),RHONE,69300,CALUIRE,4,10,646,675,30,25,Oui
17690089,CALUIRE (TENNIS CLUB AS),RHONE,69300,CALUIRE,4,3,675,659,20,22,Oui
17690038,ESPB TENNIS,RHONE,69310,PIERRE BENITE,4,0,26,23,0,1,Oui
17690334,PIERRE BENITE (TENNIS CLUB),RHONE,69310,PIERRE BENITE,4,1,52,31,3,2,Oui
17690074,FEYZIN (TENNIS CLUB),RHONE,69320,FEYZIN,4,0,160,175,9,11,Oui
17690387,AGORA TENNIS CLUB,RHONE,69330,JONAGE,2,2,152,135,11,9,Oui
17690460,SAPINIERE (TENNIS CLUB DE LA),RHONE,69330,MEYZIEU,1,0,15,19,0,0,Oui
17690590,MEYZIEU TENNIS,RHONE,69330,MEYZIEU,11,3,368,471,23,24,Oui
17690274,PUSIGNAN (AT),RHONE,69330,PUSIGNAN,3,0,118,106,10,6,Oui
17690430,BEL AIR (ESSOR DE),RHONE,69340,FRANCHEVILLE,2,0,121,148,4,4,Oui
17690558,FRANCHEVILLE (ASSOC DES TENNIS),RHONE,69340,FRANCHEVILLE,4,0,89,95,5,4,Oui
17690404,COMMUNAY (TENNIS CLUB),RHONE,69360,COMMUNAY,0,3,141,146,12,9,Oui
17690037,OZON TENNIS,RHONE,69360,SAINT SYMPHORIEN D OZON,6,0,213,238,19,17,Oui
17690227,TOTAL CRES (TC),RHONE,69360,SAINT SYMPHORIEN D OZON,2,0,11,12,0,0,Non
17690244,SEREZIN (TENNIS CLUB DE),RHONE,69360,SEREZIN DU RHONE,2,1,69,88,6,4,Oui
17690603,SOLAIZE TENNIS,RHONE,69360,SOLAIZE,4,0,114,100,5,4,Oui
17690343,TERNAY (TC),RHONE,69360,TERNAY,4,0,83,111,3,3,Oui
17690216,SAINT DIDIER AU MONT D OR (TC),RHONE,69370,SAINT DIDIER AU MONT D OR,3,0,368,403,13,9,Oui
17690215,CHASSELAY (TENNIS CLUB DE),RHONE,69380,CHASSELAY,2,0,254,221,16,12,Oui
17690083,CHAZAY D'AZERGUES (TC),RHONE,69380,CHAZAY D AZERGUES,6,2,302,335,18,23,Oui
17690599,T3C (TENNIS CLUB CHESSY CHATILLON),RHONE,69380,CHESSY,4,0,221,208,16,15,Oui
17690339,CIVRIEUX D'AZERGUES (TC),RHONE,69380,CIVRIEUX D AZERGUES,2,1,125,138,10,10,Oui
17690570,DOMMARTIN (TENNIS CLUB DE),RHONE,69380,DOMMARTIN,4,1,176,192,12,12,Oui
17690462,CHERES (TENNIS CLUB DE LES),RHONE,69380,LES CHERES,2,0,30,62,2,2,Oui
17690305,ASCMO LISSIEU,RHONE,69380,LISSIEU,2,0,90,106,6,5,Oui
17690513,VARENNES (TENNIS CLUB DES),RHONE,69380,LOZANNE,4,0,33,42,1,1,Non
17690479,MARCILLOIS (TENNIS CLUB),RHONE,69380,MARCILLY D AZERGUES,2,0,1,1,0,0,Non
17690253,CHARLY (ENTENTE SPORTIVE),RHONE,69390,CHARLY,4,0,357,358,12,12,Oui
17690368,MILLERY (TENNIS CLUB DE),RHONE,69390,MILLERY,4,0,187,160,6,6,Oui
17690094,ALSIP,RHONE,69390,VERNAISON,4,0,20,27,1,1,Non
17690347,VERNAISONNAIS (TENNIS CLUB),RHONE,69390,VERNAISON,4,0,138,150,12,11,Oui
17690377,VOURLES (TENNIS CLUB DE),RHONE,69390,VOURLES,3,1,206,234,7,9,Oui
17690129,CHARTONNIERE (AS DU TC),RHONE,69400,GLEIZE,8,1,160,217,14,15,Oui
17690447,LIERGUES (CLUB TENNIS DE),RHONE,69400,LIERGUES,2,0,56,82,6,5,Oui
17690029,VILLEFRANCHE (TC DE L'AGGLOMERATION DE),RHONE,69400,VILLEFRANCHE SUR SAONE,10,3,450,475,24,23,Oui
17690182,NOUVELLES ROCHES (AS),RHONE,69400,VILLEFRANCHE SUR SAONE,2,0,8,12,3,3,Oui
17690174,DARDILLY CHAMPAGNE (TENNIS CLUB),RHONE,69410,CHAMPAGNE AU MONT D OR,7,4,709,737,17,18,Oui
17690315,AMPUIS TENNIS CLUB,RHONE,69420,AMPUIS,3,0,209,224,9,11,Oui
17690465,LANTIGNIE SECTION TENNIS (AS),RHONE,69430,LANTIGNIE,2,1,60,49,2,1,Oui
17690138,QUINCIE-BEAUJEU (TENNIS CLUB DE),RHONE,69430,QUINCIE EN BEAULOLAIS,4,2,135,133,12,11,Oui
17690239,REGNIE-DURETTE (TENNIS CLUB DE),RHONE,69430,REGNIE DURETTE,2,1,49,46,2,2,Oui
17690411,CHAUSSAN (CLUB JEUNES DE),RHONE,69440,CHAUSSAN,1,0,0,0,0,0,Oui
17690582,MORNANT TENNIS,RHONE,69440,MORNANT,4,0,139,200,11,11,Oui
17690327,SAINT LAURENT D AGNY (TC),RHONE,69440,SAINT LAURENT D AGNY,2,0,135,140,13,10,Oui
17690456,CHATS (TENNIS CLUB DES),RHONE,69440,SAINT MAURICE SUR DARGOIRE,2,1,64,62,6,5,Oui
17690546,SAINT DIDIER SOUS RIVERIE (TC),RHONE,69440,ST DIDIER S/ RIVERIE,1,1,41,44,2,2,Oui
17690213,TALUYERS (TENNIS CLUB DE),RHONE,69440,TALUYERS,3,1,0,0,0,0,Oui
17690257,SAINT CYR AU MONT D OR (TC),RHONE,69450,SAINT CYR AU MONT D OR,2,2,348,379,13,15,Oui
17690441,BLACEEN (TENNIS CLUB),RHONE,69460,BLACE,2,0,89,83,4,6,Oui
17690400,CHARENTAY ODENAS (TENNIS),RHONE,69460,ODENAS,2,0,7,8,2,2,Non
17690067,COURS LA VILLE (TENNIS CLUB DE),RHONE,69470,COURS LA VILLE,3,1,73,65,3,3,Oui
17690596,AMBERIEUX-MORANCE (TENNIS CLUB),RHONE,69480,Ambérieux d'Azergues,3,0,101,114,9,12,Oui
17690153,ANSOIS (TENNIS CLUB),RHONE,69480,ANSE,4,0,184,200,20,21,Oui
17690412,LUCENAY TENNIS CLUB,RHONE,69480,LUCENAY,2,0,74,55,6,8,Oui
17690407,POMMIERS (TENNIS CLUB DE),RHONE,69480,POMMIERS,2,0,88,94,7,8,Oui
17690030,MONTS TARARE (TC DES),RHONE,69490,PONTCHARRA TURDINE,2,2,116,150,10,7,Oui
17690549,SAINT FORGEUX (TENNIS),RHONE,69490,SAINT FORGEUX,2,1,58,88,2,2,Oui
17690579,SAINT LOUP (TENNIS CLUB DE),RHONE,69490,SAINT LOUP,2,0,113,125,11,11,Oui
17690394,POPEY (TENNIS DU),RHONE,69490,SAINT ROMAIN DE POPEY,2,0,48,61,3,3,Oui
17690317,SARCEY (AAT DE),RHONE,69490,SARCEY,2,0,53,52,2,3,Oui
17690507,MESSIMY (TENNIS CLUB),RHONE,69510,MESSIMY,2,1,125,112,8,9,Oui
17690399,SOUCIEU EN JARREST (TENNIS CLUB),RHONE,69510,SOUCIEU EN JARREST,3,0,132,115,8,6,Oui
17690424,THURINS (TENNIS CLUB DE),RHONE,69510,THURINS,2,0,85,85,8,8,Oui
17690079,GRIGNY (TENNIS CLUB DE),RHONE,69520,GRIGNY,4,2,232,258,18,19,Oui
17690206,BRIGNAIS-CHAPONOST (TENNIS CLUB DE),RHONE,69530,BRIGNAIS,12,0,407,418,26,16,Oui
17690415,ORLIENAS SECTION TENNIS (AS),RHONE,69530,ORLIENAS,2,0,117,117,11,7,Oui
17690178,IRIGNY (TENNIS CLUB D),RHONE,69540,IRIGNY,3,2,284,279,19,17,Oui
17690073,AMPLEPUIS (TENNIS CLUB),RHONE,69550,AMPLEPUIS,4,2,85,84,6,6,Oui
17690517,SAINT JEAN LA BUSSIERE (TC),RHONE,69550,SAINT JEAN LA BUSSIERE,2,1,70,85,8,9,Oui
17690085,IBM FRANCE,RHONE,69570,DARDILLY,2,0,18,19,0,0,Non
17690584,QUATRE SAISONS (TENNIS DES),RHONE,69570,DARDILLY,7,4,12,12,0,0,Non
17690372,SATHONAY CAMP (TENNIS CLUB),RHONE,69580,SATHONAY CAMP,5,0,144,162,10,8,Oui
17690382,SATHONAY VILLAGE (TENNIS CLUB),RHONE,69580,SATHONAY VILLAGE,3,0,82,108,5,6,Oui
17690013,CASCOL,RHONE,69600,OULLINS,6,0,155,177,19,20,Oui
17690307,OULLINS (TENNIS CLUB),RHONE,69600,OULLINS,4,0,222,208,9,10,Oui
17690591,TARAVOUERIEN (TENNIS CLUB),RHONE,69610,HAUTE RIVOIRE,2,1,31,24,7,4,Oui
17690204,SAINTE FOY L ARGENTIERE (TC),RHONE,69610,SAINTE FOY L ARGENTIERE,3,0,74,73,12,11,Oui
17690495,BOIS D'OINGT (TENNIS CLUB DU),RHONE,69620,BOIS D OINGT,2,0,150,165,13,11,Oui
17690373,VERANAISE TC VERANAIS (US),RHONE,69620,SAINT VERAND,2,0,29,35,1,1,Oui
17690093,UNIVERSITAIRE (TENNIS CLUB),RHONE,69622,VILLEURBANNE,4,0,36,38,4,4,Oui
17690042,AQUEDUCS (TENNIS GOLF DES),RHONE,69630,CHAPONOST,11,4,200,246,10,10,Oui
17690577,LACENAS (ASSOCIATION TENNIS),RHONE,69640,LACENAS,2,0,65,76,6,5,Oui
17690374,QUINCIEUX (AT DE),RHONE,69650,QUINCIEUX,3,1,224,146,15,11,Oui
17690534,AGTM SAINT GERMAIN AU MONT D OR,RHONE,69650,ST GERMAIN AU MONT D'OR,1,1,0,89,1,1,Oui
17690170,COLLONGES (TENNIS CLUB DE),RHONE,69660,COLLONGES AU MONT D OR,2,1,266,265,16,16,Oui
17690154,BRON (TENNIS CLUB DE),RHONE,69672,BRON CEDEX,6,2,329,323,11,10,Oui
17690071,ASCEE 69,RHONE,69674,BRON CEDEX,2,0,5,5,0,0,Non
17690304,LYON II (ASSOCIATION TENNIS),RHONE,69676,BRON CEDEX,3,2,0,5,0,0,Non
17690189,VINATIER BRON (ASC),RHONE,69677,BRON CEDEX,2,0,0,0,0,0,Non
17690100,CHASSIEU TENNIS,RHONE,69680,CHASSIEU,11,5,503,599,26,23,Oui
17690463,BREVENNE (TENNIS CLUB DE LA),RHONE,69690,BESSENAY,4,1,149,166,22,19,Oui
17690543,BRULLIOLES (TENNIS CLUB DE),RHONE,69690,BRULLIOLES,2,0,56,49,6,6,Oui
17690576,COURZIEU (TENNIS CLUB DE),RHONE,69690,COURZIEU,2,1,15,18,4,4,Oui
17690025,GIVORS TENNIS (SO),RHONE,69700,GIVORS,4,2,0,0,0,0,Oui
17690600,GIVORS TENNIS,RHONE,69700,GIVORS,4,2,75,72,10,9,Oui
17690384,LOIRE SUR RHONE (US),RHONE,69700,LOIRE SUR RHONE,2,0,58,48,3,4,Oui
17690313,MONTAGNY (TENNIS CLUB DE),RHONE,69700,MONTAGNY,4,0,98,103,11,8,Oui
17690489,ANDEOLAIS (TENNIS CLUB),RHONE,69700,SAINT ANDEOL LE CHATEAU,2,0,83,95,4,5,Oui
17690588,SAINT JEAN DE TOUSLAS (TENNIS LOISIR),RHONE,69700,ST JEAN DE TOUSLAS,1,1,34,38,5,5,Oui
17690472,MUROIS (TENNIS CLUB),RHONE,69720,SAINT BONNET DE MURE,9,1,288,306,21,14,Oui
17690152,GENAS (TENNIS CLUB DE),RHONE,69740,GENAS,5,0,189,169,16,17,Oui
17690022,BOIS ARS (TENNIS CLUB DU),RHONE,69760,LIMONEST,4,0,86,148,10,13,Oui
17690476,LIMONEST TENNIS CLUB,RHONE,69760,LIMONEST,2,1,73,79,4,3,Oui
17690586,MONTROTTIER ALBIGNY (TENNIS CLUB),RHONE,69770,MONTROTTIER,2,1,50,57,4,4,Oui
17690135,MIONS (AL),RHONE,69780,MIONS,0,6,124,164,5,6,Oui
17690268,SAINT PIERRE DE CHANDIEU (TC),RHONE,69780,SAINT PIERRE DE CHANDIEU,3,0,159,154,8,7,Oui
17690220,TOUSSIEU TENNIS (AS),RHONE,69780,TOUSSIEU,2,0,82,74,6,3,Oui
17690017,STADE AUTO LYONNAIS,RHONE,69800,SAINT PRIEST,5,0,105,93,5,5,Oui
17690032,ASPTT GRAND LYON,RHONE,69800,SAINT PRIEST,6,2,315,360,25,25,Oui
17690065,SAINT PRIEST (TENNIS CLUB DE),RHONE,69802,SAINT PRIEST CEDEX,6,3,474,474,23,23,Oui
17690211,FLEURIE (TENNIS CLUB DE),RHONE,69820,FLEURIE,1,0,0,0,0,0,Oui
17690155,RENEIMOIS (TENNIS CLUB),RHONE,69830,SAINT GEORGES DE RENEINS,2,0,9,23,0,0,Non
17690308,SAINT MARTINOIS (TENNIS CLUB),RHONE,69850,SAINT MARTIN EN HAUT,3,0,155,167,18,18,Oui
17690587,SAINT JUST D'AVRAY (TENNIS CLUB DE),RHONE,69870,ST JUST D AVRAY,2,0,40,58,6,7,Oui
17690363,TAC TENNIS,RHONE,69890,LA TOUR DE SALVAGNY,5,1,127,136,11,8,Oui
17690179,VILLIE MORGON (TENNIS CLUB),RHONE,69910,VILLIE MORGON,2,0,11,12,2,2,Oui
17690240,MULATIERE (TENNIS CLUB LA),RHONE,69924,OULLINS CEDEX,4,0,90,111,4,4,Oui
17690172,CORBAS (TENNIS CLUB DE),RHONE,69960,CORBAS,5,2,318,326,19,16,Oui
17690279,CHAPONNAY (TENNIS CLUB),RHONE,69970,CHAPONNAY,4,0,121,125,11,8,Oui
17690557,MARENNES (TENNIS CLUB DE),RHONE,69970,MARENNES,2,0,53,50,5,5,Oui
