ClubID,Name,Ligue,Zip,City,Outdoor,Indoor,Players,Players-1AN,Teams,Teams-1AN,School?
,DEAUVILLE LAWN TENNIS CLUB,CALVADOS,,,0,0,0,0,0,0,Non
18140006,CAEN TC ,CALVADOS,14000,CAEN,16,8,911,1232,38,58,Oui
18140268,CAEN LA BUTTE,CALVADOS,14000,CAEN,2,2,21,19,0,0,Oui
18140286,CAEN ASC BNP PARIBAS,CALVADOS,14000,CAEN,0,1,6,9,1,1,Oui
18140315,CAEN CHEMIN VERT ASL,CALVADOS,14000,CAEN,2,1,39,29,2,3,Oui
18140356,CAEN MALADRERIE TENNIS ,CALVADOS,14000,CAEN,2,1,155,141,6,12,Oui
18140552,CAEN CALVAIRE SAINT PIERRE SPORTS ,CALVADOS,14000,CAEN,2,3,43,51,4,6,Oui
18140164,CAEN ETUDIANTS CLUB,CALVADOS,14032,CAEN CEDEX,5,3,0,4,0,0,Oui
18140016,LISIEUX TCA,CALVADOS,14100,LISIEUX,4,3,358,383,12,28,Oui
18140496,CONDE SUR NOIREAU TC  ,CALVADOS,14110,CONDE SUR NOIREAU,5,1,144,155,8,26,Oui
18140703,LOUVIGNY TC ,CALVADOS,14111,LOUVIGNY,2,1,200,213,9,21,Oui
18140176,CAEN AS NXP Tennis,CALVADOS,14112,BIEVILLE BEUVILLE,2,3,0,8,3,5,Non
18140579,BIEVILLE TC LA POMMERAIE,CALVADOS,14112,BIEVILLE BEUVILLE,2,3,204,231,10,18,Oui
18140650,BIEVILLE BEUVILLE CLUB MUNICIPAL,CALVADOS,14112,BIEVILLE-BEUVILLE,3,1,89,86,3,4,Oui
18140026,VER SUR MER TC ,CALVADOS,14114,VER SUR MER,9,1,155,277,3,10,Oui
18140001,ARROMANCHES TENNIS PORT WINSTON,CALVADOS,14117,TRACY SUR MER,4,1,79,91,0,3,Oui
18140253,MONDEVILLE USO  ,CALVADOS,14120,MONDEVILLE,3,2,204,193,21,33,Oui
18140180,CAEN GUERINIERES SPORTS,CALVADOS,14123,CORMELLES LE ROYAL,2,0,30,32,5,10,Oui
18140463,CORMELLES LE ROYAL ,CALVADOS,14123,CORMELLES LE ROYAL,3,2,108,128,10,14,Oui
18140791,FLEURY TENNIS CLUB,CALVADOS,14123,FLEURY SUR ORNE,0,0,23,0,0,0,Non
18140388,IFS AMICALE DU TENNIS ,CALVADOS,14123,IFS,3,3,339,363,17,29,Oui
18140713,MONT SAINT LEGER,CALVADOS,14130,PONT L EVEQUE,7,1,13,51,0,1,Oui
18140235,Tennis Club Blangy Pont-L'Evêque Intercom ,CALVADOS,14130,PONT L'EVEQUE,2,2,130,136,1,2,Oui
18140293,LIVAROT ESL TENNIS ,CALVADOS,14140,Livarot,4,2,167,179,8,13,Oui
18140019,OUISTREHAM RIVA BELLA TC  ,CALVADOS,14150,OUISTREHAM,6,3,217,289,7,23,Oui
18140021,SAINT PIERRE SUR DIVES TC ,CALVADOS,14170,ST PIERRE SUR DIVES,3,1,38,57,0,2,Oui
18140292,HEROUVILLE ST CLAIR ELSH TENNIS,CALVADOS,14200,HEROUVILLE,3,4,197,201,11,20,Oui
18140719,CAEN ST JEAN DE EUDES TC,CALVADOS,14200,HEROUVILLE SAINT CLAIR,2,0,20,25,5,7,Oui
18140677,BARON SUR ODON (TC 2O) ,CALVADOS,14210,BARON SUR ODON,2,0,141,164,5,18,Oui
18140651,THURY HARCOURT TCH,CALVADOS,14220,PLACY,2,1,54,66,3,4,Oui
18140366,CAHAGNES CTC ,CALVADOS,14240,CAHAGNES,1,1,71,41,2,2,Oui
18140228,CAUMONT L EVENTE TC,CALVADOS,14240,CAUMONT L'EVENTE,2,1,5,9,0,0,Oui
18140570,CORMOLAIN TC,CALVADOS,14240,CORMOLAIN,1,1,22,28,2,4,Oui
18140528,TILLY SUR SEULLES,CALVADOS,14250,TILLY SUR SEULLES,2,1,16,24,5,7,Oui
18140208,AUNAY SUR ODON,CALVADOS,14260,AUNAY SUR ODON,2,1,10,12,2,4,Oui
18140018,MEZIDON CANON USC,CALVADOS,14270,MEZIDON,2,2,77,93,6,10,Oui
18140161,ORBEC TC ,CALVADOS,14290,ORBEC EN AUGE,4,2,196,210,10,17,Oui
18140239,VILLERS BOCAGE TC,CALVADOS,14310,VILLERS BOCAGE,3,2,128,126,10,19,Oui
18140564,FONTENAY LE MARMION,CALVADOS,14320,MAY SUR ORNE,1,1,8,8,0,0,Oui
18140572,FEUGUEROLLES BULLY,CALVADOS,14320,MAY SUR ORNE,2,1,28,41,0,4,Non
18140439,SAINT ANDRE SUR ORNE USSA ,CALVADOS,14320,ST MARTIN DE FONTENAY,0,2,104,108,2,6,Oui
18140224,LE MOLAY LITTRY TC,CALVADOS,14330,LE MOLAY LITTRY,4,1,96,111,7,13,Oui
18140216,CREVECOEUR EN AUGE TC,CALVADOS,14340,CAMBREMER,0,0,24,24,0,0,Oui
18140788,TROUVILLE TENNIS CLUB,CALVADOS,14360,TROUVILLE,7,0,21,76,0,1,Non
18140556,AIRAN TC,CALVADOS,14370,AIRAN,2,0,0,0,0,0,Oui
18140354,ARGENCES TC ,CALVADOS,14370,ARGENCES,2,1,134,151,3,10,Oui
18140710,BELLENGREVILLE TC,CALVADOS,14370,BELLENGREVILLE,1,0,21,38,2,5,Oui
18140405,MOULT TC ,CALVADOS,14370,MOULT,3,0,77,92,1,6,Oui
18140004,CABOURG GARDEN TENNIS ,CALVADOS,14390,CABOURG,16,4,202,302,13,27,Oui
18140789,CABOURG TENNIS CLUB SPORTING,CALVADOS,14390,CABOURG,5,0,4,24,0,0,Non
18140002,BAYEUX TC ,CALVADOS,14400,BAYEUX,10,3,241,244,7,16,Oui
18140530,BAYEUX TC DES ETS HOSPITALIER DU BESSIN ,CALVADOS,14400,BAYEUX,2,0,96,91,5,11,Oui
18140311,POTIGNY TC ,CALVADOS,14420,POTIGNY,2,0,127,130,5,10,Oui
18140486,DOUVRES TC,CALVADOS,14440,DOUVRES,3,3,240,238,9,20,Oui
18140198,GRANDCAMP MAISY TC,CALVADOS,14450,GRANDCAMP MAISY,2,2,70,70,2,8,Oui
18140154,COLOMBELLES TC LEO LAGRANGE,CALVADOS,14460,COLOMBELLES,2,0,44,34,4,5,Oui
18140009,COURSEULLES SUR MER TC ,CALVADOS,14470,COURSEULLES,9,1,119,147,5,7,Oui
18140655,CREULLY TC,CALVADOS,14480,CREULLY,2,1,183,191,8,20,Oui
18140024,VIRE USM,CALVADOS,14500,VIRE,4,5,267,278,9,24,Oui
18140014,HOULGATE SC,CALVADOS,14510,HOULGATE,12,0,120,150,8,22,Oui
18140541,PORT EN BESSIN TC,CALVADOS,14520,PORT EN BESSIN,2,1,22,28,2,2,Oui
18140017,LUC SUR MER TC,CALVADOS,14530,LUC SUR MER,8,0,162,193,6,16,Oui
18140612,GRENTHEVILLE TC,CALVADOS,14540,GRENTHEVILLE,2,0,89,100,7,10,Oui
18140401,SOLIERS TC ,CALVADOS,14540,SOLIERS,2,2,115,139,6,13,Oui
18140025,BLAINVILLE SUR ORNE AS RENAULT TRUCK,CALVADOS,14550,BLAINVILLE SUR ORNE,1,1,16,18,3,4,Oui
18140514,BLAINVILLE SUR ORNE USM ,CALVADOS,14550,BLAINVILLE SUR ORNE,3,2,148,184,11,22,Oui
18140488,CLECY TC,CALVADOS,14570,CLECY,2,0,3,5,0,0,Non
18140013,HONFLEUR TC,CALVADOS,14600,HONFLEUR,9,6,189,220,4,9,Oui
18140699,CAMBES EN PLAINE TC,CALVADOS,14610,CAMBES EN PLAINE,2,1,89,91,4,7,Oui
18140680,EPRON AS,CALVADOS,14610,EPRON,2,1,76,80,3,6,Oui
18140206,CAGNY CT,CALVADOS,14630,CAGNY,2,1,59,69,4,12,Oui
18140540,FRENOUVILLE TC,CALVADOS,14630,FRENOUVILLE,2,1,63,67,6,9,Oui
18140023,VILLERS SUR MER TC ,CALVADOS,14640,VILLERS-SUR-MER,16,2,202,182,12,17,Oui
18140679,CARPIQUET ES ,CALVADOS,14650,CARPIQUET,2,3,87,94,6,15,Oui
18140241,TROARN ES ,CALVADOS,14670,TROARN,2,2,160,168,8,13,Oui
18140537,PONT D'OUILLY TOP,CALVADOS,14690,PONT D'OUILLY,2,0,0,8,0,1,Non
18140011,FALAISE ES  ,CALVADOS,14700,FALAISE,3,2,162,138,7,13,Oui
18140144,TREVIERES TC,CALVADOS,14710,TREVIERES,3,0,23,37,3,5,Oui
18140728,GIBERVILLE TC,CALVADOS,14730,GIBERVILLE,1,1,44,52,2,4,Oui
18140613,BRETTEVILLE L ORGUEILLEUSE TC ,CALVADOS,14740,BRETTEVILLE L'ORGUEILLEUSE,1,2,172,168,3,7,Oui
18140020,SAINT AUBIN SUR MER TC,CALVADOS,14750,ST AUBIN SUR MER,7,0,25,55,0,1,Oui
18140335,BRETTEVILLE SUR ODON TC,CALVADOS,14760,BRETTEVILLE SUR ODON,2,2,116,106,6,9,Oui
18140015,LION SUR MER SC HERMANVILLE,CALVADOS,14780,LION SUR MER,6,2,96,124,6,12,Oui
18140411,LION SUR MER TASL,CALVADOS,14780,LION SUR MER,2,1,42,68,4,6,Oui
18140223,VERSON TC ,CALVADOS,14790,VERSON,3,2,307,314,17,42,Oui
18140010,DEAUVILLE SC,CALVADOS,14800,DEAUVILLE,4,0,55,71,1,4,Oui
18140787,SAINT ARNOULT TC,CALVADOS,14800,SAINT ARNOULT,0,1,113,131,0,2,Non
18140243,TOUQUES TC COTE FLEURIE,CALVADOS,14800,TOUQUES,4,2,216,206,7,17,Oui
18140663,DEAUVILLE Association sports loisirs et culture ,CALVADOS,14800,TOUQUES,4,8,41,62,0,4,Oui
18140227,FRANCEVILLE TC ,CALVADOS,14810,MERVILLE FRANCEVILLE,6,2,175,213,9,25,Oui
18140505,LANGRUNE SUR MER TC,CALVADOS,14830,LANGRUNE SUR MER,5,0,73,69,12,17,Oui
18140678,DEMOUVILLE TENNIS,CALVADOS,14840,DEMOUVILLE,2,1,51,82,4,9,Oui
18140746,BAVENT TC BAVENTAIS,CALVADOS,14860,BAVENT,1,1,71,73,1,3,Oui
18140515,RANVILLE TC,CALVADOS,14860,RANVILLE,2,1,112,124,6,13,Oui
18140756,BLONVILLE SUR MER TC,CALVADOS,14910,BLONVILLE,8,1,45,64,0,2,Oui
18140691,SANNERVILLE TC,CALVADOS,14940,SANNERVILLE,2,0,8,13,0,0,Oui
18140289,BERNIERES SUR MER TC,CALVADOS,14990,BERNIERES SUR MER,9,0,26,50,0,0,Oui
18270032,EVREUX AC ,EURE,27000,EVREUX,13,4,438,534,22,40,Non
18270163,EVREUX ASPTT,EURE,27000,EVREUX,2,1,0,68,1,11,Oui
18270278,EVREUX NETREVILLE TENNIS,EURE,27000,EVREUX,2,1,64,50,2,5,Non
18270345,EVREUX AMICALE ST MICHEL,EURE,27000,EVREUX,2,1,242,262,4,16,Oui
18270355,EVREUX AMICALE DE NAVARRE,EURE,27000,EVREUX,1,1,57,17,7,4,Oui
18270185,EVREUX ALM,EURE,27000,EVREUX LA MADELEINE,4,2,320,383,14,29,Oui
18270202,LE VAUDREUIL TC,EURE,27100,LE VAUDREUIL,5,2,239,237,13,23,Oui
18270205,VAL DE REUIL TENNIS SQUASH ,EURE,27100,VAL DE REUIL,4,2,143,158,11,20,Oui
18270667,VAL DE REUIL SANOFI PASTEUR,EURE,27100,VAL DE REUIL,2,0,13,12,3,9,Non
18270040,LE NEUBOURG TC,EURE,27110,LE NEUBOURG,4,2,193,206,9,28,Oui
18270671,HOULBEC COCHEREL AS,EURE,27120,HOULBEC-COCHEREL,1,0,24,34,0,0,Oui
18270147,PACY SUR EURE TC  ,EURE,27120,PACY SUR EURE,3,3,523,515,18,45,Oui
18270731,ROUVRAY TC,EURE,27120,ROUVRAY,1,0,11,25,0,0,Non
18270044,VERNEUIL SUR AVRE STADE VERNOLIEN ,EURE,27130,VERNEUIL SUR AVRE,3,2,221,238,17,29,Oui
18270413,VERNEUIL SUR AVRE TC DES ROCHES,EURE,27130,VERNEUIL SUR AVRE,6,1,1,4,0,0,Oui
18270034,GISORS TC,EURE,27140,GISORS,5,3,445,502,13,29,Oui
18270031,ETREPAGNY US,EURE,27150,ETREPAGNY,3,2,117,113,2,1,Oui
18270245,BRETEUIL SUR ITON,EURE,27160,BRETEUIL SUR ITON,0,1,48,51,1,2,Oui
18270028,BEAUMONT LE ROGER TC ,EURE,27170,BEAUMONT LE ROGER,3,2,193,184,9,18,Oui
18270251,SAINT SEBASTIEN SPORTS TENNIS,EURE,27180,ST SEBASTIEN DE MORSENT,2,1,86,82,6,13,Oui
18270199,CONCHES EN OUCHE TPO,EURE,27190,CONCHES,2,2,164,165,7,11,Oui
18270045,VERNON CSADN ,EURE,27200,VERNON,3,1,38,135,2,13,Oui
18270046,VERNON TC ,EURE,27200,VERNON,5,4,431,708,12,31,Oui
18270359,BEUZEVILLE AC OMNISPORT,EURE,27210,BEUZEVILLE,4,0,142,136,6,15,Oui
18270465,L HABIT TC,EURE,27220,L'HABIT,1,0,17,27,0,1,Non
18270490,SAINT ANDRE DE L'EURE ,EURE,27220,ST ANDRE DE L'EURE,2,0,62,60,5,8,Oui
18270272,DAMVILLE TC DE L ITON ,EURE,27240,DAMVILLE,3,0,139,140,8,17,Oui
18270294,RUGLES US,EURE,27250,RUGLES,3,0,52,62,7,10,Oui
18270726,CORMEILLES TC,EURE,27260,CORMEILLES,2,0,117,159,5,12,Oui
18270386,BROGLIE TC ,EURE,27270,BROGLIE,2,0,65,74,6,12,Oui
18270534,SAINT PHILBERT A C,EURE,27290,ST-PHILBERT SUR RISLE,2,0,109,83,4,7,Oui
18270029,BERNAY SC ,EURE,27300,BERNAY,5,3,242,277,12,23,Oui
18270716,BOUQUETOT TC,EURE,27310,BOUQUETOT,1,0,52,48,2,5,Oui
18270775,BOURG ACHARD SAINT OUEN - T2R  ,EURE,27310,BOURG ACHARD,4,3,294,334,11,23,Oui
18270220,NONANCOURT TC AVRAIS ,EURE,27320,NONANCOURT,4,0,105,125,5,14,Oui
18270509,NONANCOURT LAUBETTE TC,EURE,27320,NONANCOURT,0,2,10,14,0,0,Oui
18270783,BOIS NORMAND TENNIS CLUB,EURE,27330,BOIS NORMAND,1,0,0,14,0,0,Non
18270778,LA VIEILLE LYRE TC LYROIS,EURE,27330,LA NEUVE LYRE,1,0,67,75,2,3,Non
18270042,PONT DE L'ARCHE TC,EURE,27340,PONT DE L'ARCHE,2,1,134,160,5,10,Oui
18270535,ROUTOT BROTONNE TC,EURE,27350,ROUTOT,3,0,34,51,6,9,Oui
18270270,PONT SAINT PIERRE TC,EURE,27360,PONT SAINT PIERRE,2,1,92,100,2,4,Oui
18270571,LE GROS THEIL TC,EURE,27370,LE GROS THEIL,1,0,86,90,1,4,Oui
18270493,SAINT PIERRE/FLEURS VAL D'OISON  ,EURE,27370,ST PIERRE DES FLEURS,4,2,213,195,6,14,Oui
18270772,THUIT ANGER TC,EURE,27370,THUIT ANGER,0,2,14,14,1,2,Oui
18270437,FLEURY SUR ANDELLE TC,EURE,27380,FLEURY SUR ANDELLE,2,1,98,105,11,17,Oui
18270673,ACQUIGNY AT,EURE,27400,ACQUIGNY,1,0,41,57,2,3,Oui
18270037,LOUVIERS TC ,EURE,27400,LOUVIERS,3,3,361,398,18,40,Oui
18270714,BEAUMESNIL TC CANTONAL,EURE,27410,BEAUMESNIL,2,1,16,21,0,0,Oui
18270477,LA FERRIERE SUR RISLE AS,EURE,27410,LA FERRIERE SUR RISLE,1,0,1,43,0,0,Oui
18270658,SERQUIGNY TC,EURE,27470,SERQUIGNY,2,0,14,12,0,0,Oui
18270038,LYONS LA FORET TC,EURE,27480,LYONS LA FORET,2,1,55,53,1,2,Oui
18270455,LA CROIX SAINT LEUFFROY TC,EURE,27490,LA CROIX ST LEUFROY,1,1,37,51,5,8,Oui
18270041,PONT AUDEMER TC ,EURE,27500,PONT AUDEMER,4,2,250,281,4,18,Oui
18270232,BOURGTHEROULDE TC ROUMOIS,EURE,27520,BOURGTHEROULDE,4,1,185,185,11,22,Oui
18270217,EZY TC ,EURE,27530,EZY SUR EURE,2,1,139,110,5,13,Oui
18270213,NASSANDRES TENNIS RISLOIS ,EURE,27550,NASSANDRES,1,2,166,158,10,20,Oui
18270036,LIEUREY TC,EURE,27560,LIEUREY,2,1,110,112,6,11,Oui
18270352,PITRES TC,EURE,27590,PITRES,2,1,18,13,0,1,Oui
18270033,GAILLON AUBEVOYE TC ,EURE,27600,GAILLON,4,7,373,373,13,30,Oui
18270715,SAINT PIERRE LA GARENNE TC,EURE,27600,ST PIERRE LA GARENNE,0,1,44,48,0,0,Oui
18270734,VILLIERS EN DESOEUVRE TC,EURE,27640,VILLIERS EN DESOEUVRE,1,0,5,6,0,0,Oui
18270576,BOSC ROGER EN ROUMOIS,EURE,27670,BOSC ROGER EN ROUMOIS,2,0,84,84,6,14,Oui
18270027,LES ANDELYS TC ,EURE,27700,LES ANDELYS,5,2,186,179,4,13,Oui
18270781,BUEIL TC DES 3 DEPARTEMENTS,EURE,27730,BUEIL,0,1,20,22,2,4,Oui
18270779,POSES LES BALAHOUTS  ,EURE,27740,POSES,1,4,45,66,1,5,Non
18270508,BRIONNE TC ,EURE,27800,BRIONNE,2,1,24,122,2,8,Oui
18270784,HARCOURT TC,EURE,27800,HARCOURT,1,0,0,0,0,0,Non
18270332,GRAVIGNY US  ,EURE,27930,GRAVIGNY,3,1,116,144,3,11,Oui
18270782,HUEST CLUB SPORTIF,EURE,27930,HUEST,0,1,11,8,0,0,Non
18270189,SAINT MARCEL AS,EURE,27950,ST MARCEL,2,2,328,326,14,26,Oui
,BRECEY TC DE LA SEE,MANCHE,,,0,0,55,44,0,0,Non
18500383,SAINT LO MANCHE TC,MANCHE,50000,SAINT LO,2,3,198,192,9,22,Oui
18500412,SAINT-LO ASPTT MANCHE TENNIS ,MANCHE,50000,SAINT LO,2,1,26,29,4,6,Oui
18500569,SAINT GEORGES DE MONTCOCQ AS,MANCHE,50000,ST GEORGES MONTCOCQ,2,1,80,90,4,11,Oui
18500064,SAINT LO TC,MANCHE,50000,ST LO,3,4,334,354,14,29,Oui
18500778,CHERBOURG MARINE TC,MANCHE,50100,CHERBOURG,3,3,212,204,12,27,Oui
18500285,TOURLAVILLE TC LOISIRS ,MANCHE,50110,TOURLAVILLE,3,3,368,326,14,33,Oui
18500380,ST AUBIN TERREGATTE TC BEUVRON,MANCHE,50111,ST AUBIN DE TERREGATTE,1,0,159,174,4,8,Oui
18500320,EQUEURDREVILLE HAINNEVILLE TC ,MANCHE,50120,EQUEURDREVILLE HAINNEVILL,0,5,323,365,25,55,Oui
18500053,CHERBOURG AS-BR TENNIS  ,MANCHE,50130,OCTEVILLE,8,9,403,449,22,50,Oui
18500156,SOURDEVAL,MANCHE,50150,SOURDEVAL,2,1,88,94,2,4,Oui
18500068,TORIGNI SAINT AMAND TC ,MANCHE,50160,TORIGNI SUR VIRE,2,3,106,97,3,10,Oui
18500222,PONTORSON TC,MANCHE,50170,PONTORSON,2,1,30,49,1,4,Oui
18500225,PERIERS SPORTS TENNIS,MANCHE,50190,PERIERS,2,1,70,81,5,12,Oui
18500653,COURCY TC,MANCHE,50200,COURCY,1,0,15,16,1,3,Non
18500396,COUTANCES TC,MANCHE,50200,COUTANCES,3,3,214,239,17,35,Oui
18500544,SAUSSEY TC,MANCHE,50200,SAUSSEY,1,0,24,35,0,2,Oui
18500263,RONCEY DE LA VANNE TC,MANCHE,50210,RONCEY,2,0,24,33,1,7,Oui
18500287,DUCEY TC DE LA SELUNE,MANCHE,50220,DUCEY,2,1,35,45,6,16,Oui
18500055,COUTAINVILLE JEUNE FRANCE ,MANCHE,50230,AGON COUTAINVILLE,8,0,176,178,13,31,Oui
18500056,COUTAINVILLE TC ,MANCHE,50230,AGON COUTAINVILLE,8,2,30,83,0,3,Oui
18500060,LA HAYE DU PUITS TC,MANCHE,50250,LA HAYE DU PUITS,3,2,170,161,8,15,Oui
18500048,BRICQUEBEC UC TENNIS ,MANCHE,50260,BRICQUEBEC,5,1,132,124,5,12,Oui
18500051,BARNEVILLE-CARTERET TC  ,MANCHE,50270,BARNEVILLE CARTERET,6,0,133,183,6,11,Oui
18500169,BREHAL ADLP  ,MANCHE,50290,BREHAL,5,1,123,121,11,19,Oui
18500047,AVRANCHES TC ,MANCHE,50300,AVRANCHES,3,3,234,238,8,19,Oui
18500752,VAL ANIMATION LOISIRS - TENNIS,MANCHE,50300,LE VAL SAINT PERE,1,1,30,42,1,3,Non
18500657,MONTEBOURG TC,MANCHE,50310,MONTEBOURG,2,1,104,125,5,9,Oui
18500062,QUINEVILLE TC,MANCHE,50310,QUINEVILLE,3,0,9,13,0,0,Oui
18500447,SAINT PIERRE EGLISE TC ,MANCHE,50330,ST PIERRE EGLISE,2,1,87,90,3,10,Oui
18500526,SIOUVILLE HAGUE TENNIS BAND ,MANCHE,50340,SIOUVILLE HAGUE,2,2,239,245,20,47,Oui
18500066,SAINT PAIR SUR MER,MANCHE,50380,ST PAIR SUR MER,4,3,264,231,12,27,Oui
18500510,SAINT SAUVEUR LE VICOMTE VAL D'OUVE,MANCHE,50390,SAINT SAUVEUR LE VICOMTE,2,1,47,50,3,6,Oui
18500057,GRANVILLE TC ,MANCHE,50400,GRANVILLE,5,4,303,388,11,21,Oui
18500440,PERCY TC,MANCHE,50410,PERCY,2,1,36,29,1,3,Oui
18500421,TESSY SUR VIRE TC,MANCHE,50420,TESSY SUR VIRE,1,1,20,23,0,0,Oui
18500501,LESSAY TC,MANCHE,50430,LESSAY,2,1,101,116,7,17,Oui
18500314,BEAUMONT HAGUE TC ,MANCHE,50440,BEAUMONT HAGUE,6,3,269,329,18,39,Oui
18500177,QUERQUEVILLE AS ,MANCHE,50460,QUERQUEVILLE,2,2,143,145,8,15,Oui
18500451,URVILLE NACQUEVILLE AS,MANCHE,50460,URVILLE NACQUEVILLE,2,2,182,227,12,34,Oui
18500536,LA GLACERIE US,MANCHE,50470,LA GLACERIE,2,2,100,90,5,14,Non
18500346,SAINTE MERE EGLISE TC DU PLAIN,MANCHE,50480,SAINTE MERE EGLISE,2,1,89,80,6,15,Oui
18500049,CARENTAN TC ,MANCHE,50500,CARENTAN,2,1,99,78,3,4,Oui
18500188,CERENCES TC,MANCHE,50510,CERENCES,2,1,21,18,0,0,Non
18500782,SARTILLY US ,MANCHE,50530,SARTILLY,1,1,83,91,3,9,Oui
18500370,ISIGNY LE BUAT TC,MANCHE,50540,ISIGNY LE BUAT,2,1,85,91,6,18,Oui
18500255,MARIGNY AS DES COEURS,MANCHE,50570,MARIGNY,3,1,64,61,2,5,Oui
18500193,PORT BAIL US,MANCHE,50580,PORT BAIL,2,1,84,78,0,7,Oui
18500058,HAUTEVILLE SUR MER TC BAIE SIENNE,MANCHE,50590,HAUTEVILLE SUR MER,8,1,89,107,6,22,Oui
18500357,TENNIS SUD MANCHE  ,MANCHE,50600,ST HILAIRE DU HARCOUET,4,4,124,131,11,23,Oui
18500059,JULLOUVILLE TC,MANCHE,50610,JULLOUVILLE,9,0,69,108,5,11,Oui
18500781,SAINT JEAN DE DAYE TC DU MARAIS,MANCHE,50620,ST JEAN DE DAYE,3,0,17,19,2,6,Oui
18500067,SAINT VAAST LA HOUGUE TC VAL DE SAIRE  ,MANCHE,50630,QUETTEHOU,6,1,111,134,3,4,Oui
18500374,HAMBYE TC,MANCHE,50650,HAMBYE,0,1,24,22,0,2,Oui
18500784,TRELLY TENNIS CLUB,MANCHE,50660,TRELLY,1,0,22,18,4,7,Non
18500157,CHERBOURG NOUAINVILLE AS AREVA,MANCHE,50690,NOUAINVILLE,0,4,64,68,9,15,Oui
18500420,OCTEVILLE PATRONNAGE ,MANCHE,50690,NOUAINVILLE,0,4,8,9,1,2,Oui
18500069,VALOGNES LA VALOGNAISE,MANCHE,50700,VALOGNES,3,1,150,176,6,14,Oui
18500597,BARENTON-GER TC,MANCHE,50720,BARENTON,2,1,27,34,1,2,Oui
18500470,GOURFALEUR TC ,MANCHE,50750,GOURFALEUR,1,0,13,24,1,4,Non
18500070,VILLEDIEU LES POELES CLUB SPORTIF TENNIS,MANCHE,50800,VILLEDIEU LES POELES,2,2,119,120,9,15,Oui
18500543,SAINT ROMPHAIRE TC,MANCHE,50860,SAINT ROMPHAIRE,1,0,0,16,0,2,Non
18500464,PONT HEBERT TC BORDS DE VIRE ,MANCHE,50880,PONT HEBERT,2,1,35,55,2,6,Oui
18610071,ALENCON TC ,ORNE,61000,ALENCON,5,3,204,258,16,38,Oui
18610460,SAINT GERMAIN DU CORBEIS ,ORNE,61000,ST GERMAIN DU CORBEIS,2,1,59,51,4,6,Oui
18610075,FLERS TC ,ORNE,61100,FLERS,5,3,186,204,8,20,Oui
18610737,SAINT GEORGES DES GROSEILLERS TC,ORNE,61100,ST GEORGES DES GROSEILLERS,1,1,172,168,4,8,Oui
18610441,BRETONCELLES TC,ORNE,61110,BRETONCELLES,2,1,16,20,1,2,Oui
18610430,CONDE SUR HUISNE TC,ORNE,61110,CONDE SUR HUISNE,2,1,78,83,6,10,Oui
18610522,REMALARD TC,ORNE,61110,REMALARD,3,2,101,89,3,8,Oui
18610192,VIMOUTIERS TC,ORNE,61120,VIMOUTIERS,1,2,30,14,2,4,Oui
18610240,BELLEME TENNIS CLUB DU PAYS BELLEMOIS,ORNE,61130,BELLEME,2,1,103,106,2,7,Oui
18610248,BAGNOLES DE L ORNE TC ,ORNE,61140,BAGNOLES DE L'ORNE,6,6,248,270,16,34,Oui
18610779,JUVIGNY SOUS ANDAINE TC,ORNE,61140,JUVIGNY SOUS ANDAINE,1,1,14,34,3,7,Oui
18610659,AVOINES TC,ORNE,61150,AVOINES,1,0,3,3,0,0,Non
18610200,ECOUCHE ,ORNE,61150,ECOUCHE,1,1,105,103,6,17,Oui
18610279,TRUN TC,ORNE,61160,TRUN,2,1,26,31,1,3,Oui
18610151,LE MELE SUR SARTHE AL ,ORNE,61170,LE MELE SUR SARTHE,4,2,85,96,5,12,Oui
18610781,RANDONNAI US,ORNE,61190,RANDONNAI,1,0,12,12,0,0,Non
18610259,TOUROUVRE TC,ORNE,61190,TOUROUVRE,2,0,28,30,0,0,Oui
18610072,ARGENTAN TC ,ORNE,61200,ARGENTAN,4,3,158,152,6,13,Oui
18610344,ARGENTAN ASPTT,ORNE,61200,ARGENTAN,2,1,21,37,3,6,Oui
18610762,PUTANGES US,ORNE,61210,PUTANGES,1,0,49,60,1,2,Oui
18610307,BRIOUZE ,ORNE,61220,BRIOUZE,1,1,102,119,3,9,Oui
18610365,GACE TC ,ORNE,61230,GACE,2,1,108,138,4,9,Oui
18610769,LE MERLERAULT,ORNE,61240,LE MERLERAULT,2,0,19,29,5,8,Oui
18610708,NONANT LE PIN TC,ORNE,61240,NONANT LE PIN,0,1,9,12,0,0,Oui
18610397,CONDE SUR SARTHE TC ,ORNE,61250,CONDE SUR SARTHE,3,3,242,268,10,22,Oui
18610582,CONDE SUR SARTHE ASL,ORNE,61250,CONDE SUR SARTHE,2,1,34,38,1,4,Oui
18610539,DAMIGNY SC,ORNE,61250,DAMIGNY,2,0,1,3,0,0,Oui
18610578,SAINT GERVAIS DU PERRON VINGT HANAPS,ORNE,61250,VINGT HANAPS,2,0,11,11,0,1,Oui
18610461,LE THEIL SUR HUISNE UST,ORNE,61260,LE THEIL SUR HUISNE,2,0,4,21,0,0,Oui
18610632,AUBE CO,ORNE,61270,AUBE,2,1,18,16,0,3,Oui
18610415,LONGNY TC,ORNE,61290,LONGNY AU PERCHE,2,0,45,50,1,2,Oui
18610076,L'AIGLE TC ,ORNE,61300,L'AIGLE,5,2,208,208,12,23,Oui
18610310,CARROUGES TC,ORNE,61320,CARROUGES,0,1,0,0,0,0,Oui
18610610,SAINT HILAIRE SUR ERRE,ORNE,61340,SAINT HILAIRE SUR ERRE,1,1,26,29,2,4,Oui
18610078,MORTAGNE AU PERCHE TC,ORNE,61400,MORTAGNE,3,1,40,58,2,6,Oui
18610778,SAINT MARD DE RENO TC,ORNE,61400,SAINT MARDS DE RENO,2,0,34,27,0,0,Non
18610473,MESSEI TC,ORNE,61440,MESSEI,2,1,28,37,1,2,Oui
18610485,LA FERRIERE AUX ETANGS,ORNE,61450,LA FERRIERE AUX ETANGS,2,0,38,56,4,10,Oui
18610077,SEES TC ,ORNE,61500,SEES,2,2,126,135,4,13,Oui
18610422,BAZOCHES TC ,ORNE,61560,BAZOCHES,1,1,75,72,0,1,Oui
18610547,LA SAUVAGERE TC,ORNE,61600,LA SAUVAGERE,2,0,1,43,0,0,Oui
18610777,MAGNY LE DESERT AM,ORNE,61600,MAGNY LE DESERT,0,1,36,37,0,0,Oui
18610073,DOMFRONT TC,ORNE,61700,DOMFRONT,3,1,101,127,5,10,Oui
18610580,SAINT PIERRE DU REGARD TC ,ORNE,61790,ST PIERRE DU REGARD,2,1,106,126,6,16,Oui
18610203,TINCHEBRAY SPORT TENNIS,ORNE,61800,TINCHEBRAY,2,2,85,88,2,13,Oui
18760125,ROUEN ASPTT ,SEINE MARITIME,76000,ROUEN,1,4,39,187,9,20,Oui
18760126,ROUEN TENNIS CLUB ,SEINE MARITIME,76000,ROUEN,6,8,524,585,35,38,Oui
18760256,ROUEN GRAND PORT MARITIME,SEINE MARITIME,76000,ROUEN,0,2,34,34,9,10,Oui
18760789,CANTELEU OXYGENE TEAM TENNIS,SEINE MARITIME,76000,ROUEN,2,0,0,8,0,0,Non
18760384,GODERVILLE TC ,SEINE MARITIME,76110,GODERVILLE,0,2,118,145,15,17,Oui
18760757,SAINT SAUVEUR D'EMALLEVILLE COSS,SEINE MARITIME,76110,ST SAUVEUR D'EMALLEVILLE,1,0,7,10,0,2,Oui
18760784,SAHURS SPORTS ET LOISIRS,SEINE MARITIME,76113,SAHURS,1,0,0,6,0,0,Oui
18760450,CATENAY ASC,SEINE MARITIME,76116,CATENAY,1,0,0,8,0,0,Oui
18760303,RY TC,SEINE MARITIME,76116,RY,1,0,43,73,6,8,Oui
18760554,INCHEVILLE TC,SEINE MARITIME,76117,INCHEVILLE,2,1,49,27,2,2,Oui
18760109,LE GRAND QUEVILLY TC,SEINE MARITIME,76120,LE GRAND QUEVILLY,6,4,348,364,27,33,Oui
18760140,MONT SAINT AIGNAN TENNIS CLUB  ,SEINE MARITIME,76130,MONT SAINT AIGNAN,10,6,637,583,28,26,Oui
18760304,ROUEN UC AS ,SEINE MARITIME,76130,MONT ST AIGNAN,0,10,480,463,32,34,Oui
18760254,EPOUVILLE AMICALE LAIQUE DU ROULLE,SEINE MARITIME,76133,EPOUVILLE,4,0,41,30,0,0,Oui
18760349,LE PETIT QUEVILLY TC,SEINE MARITIME,76140,LE PETIT QUEVILLY,1,2,147,142,16,15,Oui
18760711,LA VAUPALIERE TC,SEINE MARITIME,76150,LA VAUPALIERE,1,0,10,9,2,1,Non
18760145,MAROMME AL ,SEINE MARITIME,76150,MAROMME,3,4,218,232,25,24,Oui
18760529,SAINT JEAN DU CARDONNAY,SEINE MARITIME,76150,SAINT-JEAN DU CARDONNAY,1,0,18,20,0,0,Non
18760150,DARNETAL OLYMPIQUE  ,SEINE MARITIME,76160,DARNETAL,3,2,189,170,14,13,Oui
18760342,RONCHEROLLES SUR LE VIVIER,SEINE MARITIME,76160,DARNETAL,1,1,32,36,3,3,Oui
18760607,PREAUX TC,SEINE MARITIME,76160,PREAUX/DARNETAL,2,0,101,107,11,11,Oui
18760124,ROUEN USEG,SEINE MARITIME,76160,ROUEN,2,0,6,7,0,0,Non
18760448,SAINT JACQUES SUR DARNETAL US ,SEINE MARITIME,76160,ST JACQUES SUR DARNETAL,2,2,147,141,23,24,Oui
18760341,SAINT LEGER DU BOURG DENIS,SEINE MARITIME,76160,ST LEGER DU BOURG DENIS,2,1,54,49,2,3,Oui
18760748,SAINT MARTIN DU VIVIER TC ,SEINE MARITIME,76160,ST MARTIN DU VIVIER,2,0,46,67,8,8,Oui
18760517,LA FRENAYE TC,SEINE MARITIME,76170,LA FRENAYE,1,2,129,124,16,16,Oui
18760113,LILLEBONNE US ,SEINE MARITIME,76170,LILLEBONNE,4,2,196,183,20,22,Oui
18760134,YVETOT TC ,SEINE MARITIME,76190,YVETOT,4,2,258,253,15,20,Oui
18760258,DIEPPE CMTD,SEINE MARITIME,76200,DIEPPE,1,2,28,30,2,2,Oui
18760098,BOLBEC TC ,SEINE MARITIME,76210,BOLBEC,2,3,125,155,12,10,Oui
18760305,GRUCHET LE VALASSE,SEINE MARITIME,76210,GRUCHET LE VALASSE,2,0,14,18,3,3,Oui
18760191,GOURNAY EN BRAY AS,SEINE MARITIME,76220,GOURNAY EN BRAY,2,2,190,211,20,19,Oui
18760097,BOIS GUILLAUME USC TENNIS  ,SEINE MARITIME,76230,BOIS GUILLAUME,6,8,810,858,27,31,Oui
18760638,ISNEAUVILLE TC,SEINE MARITIME,76230,ISNEAUVILLE,2,1,56,64,0,1,Oui
18760768,QUINCAMPOIX TC,SEINE MARITIME,76230,QUINCAMPOIX,2,2,267,261,27,21,Oui
18760777,BELBEUF AO,SEINE MARITIME,76240,BELBEUF,1,0,14,38,0,0,Non
18760250,BONSECOURS ASC,SEINE MARITIME,76240,BONSECOURS,4,2,128,145,9,8,Oui
18760321,LE MESNIL ESNARD TENNIS CLUB  ,SEINE MARITIME,76240,LE MESNIL ESNARD,4,3,385,420,23,22,Oui
18760353,DEVILLE TC DEVILLOIS ,SEINE MARITIME,76250,DEVILLE LES ROUEN,1,3,185,184,14,14,Oui
18760361,EU TCM ,SEINE MARITIME,76260,EU,3,4,81,113,6,9,Oui
18760117,NEUFCHATEL EN BRAY TC ,SEINE MARITIME,76270,NEUFCHATEL EN BRAY,4,4,187,229,19,22,Oui
18760482,CRIQUETOT US,SEINE MARITIME,76280,CRIQUETOT,2,1,0,53,1,3,Oui
18760790,TENNIS CAP DE CAUX ,SEINE MARITIME,76280,CRIQUETOT L'ESNEVAL,4,0,78,0,4,0,Oui
18760745,GONNEVILLE LA MALLET TC,SEINE MARITIME,76280,GONNEVILLE LA MALLET,2,0,0,16,1,3,Oui
18760620,SAINT JOUIN BRUNEVAL TC,SEINE MARITIME,76280,SAINT-JOUIN BRUNEVAL,1,1,49,52,9,8,Oui
18760588,TURRETOT TC ,SEINE MARITIME,76280,TURRETOT,1,2,263,270,23,23,Oui
18760313,FONTAINE LA MALLET UFT,SEINE MARITIME,76290,FONTAINE LA MALLET,2,1,109,108,7,6,Oui
18760598,FONTENAY TC ,SEINE MARITIME,76290,LE FONTENAY,2,1,80,85,10,10,Oui
18760257,MONTIVILLIERS GMT ,SEINE MARITIME,76290,MONTIVILLIERS,3,4,379,430,21,23,Oui
18760449,SAINT MARTIN DU MANOIR TC ,SEINE MARITIME,76290,ST MARTIN DU MANOIR,2,2,233,228,22,23,Oui
18760130,SOTTEVILLE LES ROUEN SSCC ,SEINE MARITIME,76300,SOTTEVILLE LES ROUEN,6,4,406,449,28,29,Oui
18760525,SAINTE ADRESSE ATSA,SEINE MARITIME,76310,SAINTE ADRESSE,2,2,419,418,24,23,Oui
18760298,CAUDEBEC LES ELBEUF,SEINE MARITIME,76320,CAUDEBEC LES ELBEUF,3,1,157,182,16,16,Oui
18760299,SAINT PIERRE LES ELBEUF,SEINE MARITIME,76320,ST PIERRE LES ELBEUF,3,2,56,52,9,5,Oui
18760118,NOTRE DAME DE GRAVENCHON TC ,SEINE MARITIME,76330,NOTRE DAME DE GRAVENCHON,5,7,229,268,20,25,Oui
18760360,BLANGY SUR BRESLE ,SEINE MARITIME,76340,BLANGY SUR BRESLE,4,2,61,71,3,3,Oui
18760382,FOUCARMONT TC,SEINE MARITIME,76340,FOUCARMONT,1,1,58,52,10,9,Oui
18760682,OISSEL TENNIS LOISIR ,SEINE MARITIME,76350,OISSEL,2,2,100,121,10,11,Oui
18760593,VILLERS ECALLES,SEINE MARITIME,76360,VILLERS ECALLES,2,0,21,28,2,2,Non
18760634,BELLEVILLE-PUYS-VARENGEVILLE TENNIS  ,SEINE MARITIME,76370,BELLEVILLE SUR MER,2,3,236,251,19,19,Oui
18760765,MARTIN EGLISE TC ,SEINE MARITIME,76370,MARTIN EGLISE,1,1,43,51,2,2,Oui
18760458,ROUXMESNIL BOUTEILLES ATRB ,SEINE MARITIME,76370,ROUXMESNIL BOUTEILLES,2,2,152,182,19,20,Oui
18760606,SAINT MARTIN EN CAMPAGNE TC  ,SEINE MARITIME,76370,SAINT MARTIN EN CAMPAGNE,2,1,41,46,4,6,Oui
18760136,CANTELEU TC ,SEINE MARITIME,76380,CANTELEU,3,2,228,271,21,22,Oui
18760410,VAL DE LA HAYE TC VAUDESIEN,SEINE MARITIME,76380,VAL DE LA HAYE,1,0,53,51,4,4,Oui
18760398,AUMALE ES ,SEINE MARITIME,76390,AUMALE,2,1,70,67,6,7,Oui
18760106,FECAMP AS DU NID DE VERDIER TC,SEINE MARITIME,76400,FECAMP,6,1,90,117,12,14,Oui
18760666,FECAMP TC. CCL ,SEINE MARITIME,76400,FECAMP,4,2,204,214,18,18,Oui
18760645,FROBERVILLE TC,SEINE MARITIME,76400,FROBERVILLE,2,1,30,43,7,6,Oui
18760393,SAINT LEONARD TCM ,SEINE MARITIME,76400,SAINT LEONARD,2,1,34,69,5,6,Oui
18760456,CLEON STAL,SEINE MARITIME,76410,CLEON,3,1,61,67,10,7,Oui
18760103,SAINT AUBIN TC ,SEINE MARITIME,76410,ST AUBIN LES ELBEUF,5,3,216,197,29,30,Oui
18760433,SAINT AUBIN LES ELBEUF TASA ,SEINE MARITIME,76410,ST AUBIN LES ELBEUF,2,2,35,43,3,3,Oui
18760785,TOURVILLE LA RIVIERE AL  ,SEINE MARITIME,76410,TOURVILLE LA RIVIERE,2,1,60,60,4,4,Non
18760094,BIHOREL GCO ,SEINE MARITIME,76420,BIHOREL,4,2,413,461,22,18,Oui
18760764,ETAINHUS TC,SEINE MARITIME,76430,ETAINHUS,1,1,18,17,0,1,Oui
18760454,SAINT ROMAIN DE COLBOSC SRTC ,SEINE MARITIME,76430,ST ROMAIN DE COLBOSC,2,2,234,237,24,22,Oui
18760780,SAINT VIGOR D'YMONVILLE VASY TC,SEINE MARITIME,76430,ST VIGOR D YMONVILLE,1,1,80,72,8,9,Oui
18760141,FORGES LES EAUX USF TENNIS CLUB ,SEINE MARITIME,76440,FORGES LES EAUX,2,2,130,137,17,15,Oui
18760234,CANY TC ,SEINE MARITIME,76450,CANY BARVILLE,7,3,168,163,18,18,Oui
18760555,PALUEL TC ,SEINE MARITIME,76450,PALUEL,2,3,142,183,17,18,Oui
18760133,VEULETTES SUR MER TC ,SEINE MARITIME,76450,VEULETTES SUR MER,5,0,12,28,0,0,Oui
18760129,SAINT VALERY EN CAUX ,SEINE MARITIME,76460,ST VALERY EN CAUX,8,2,177,234,20,20,Oui
18760689,LE TREPORT AS ,SEINE MARITIME,76470,LE TREPORT,0,2,76,69,2,1,Oui
18760215,DUCLAIR TC ,SEINE MARITIME,76480,DUCLAIR,2,1,110,112,11,10,Oui
18760363,ANNEVILLE AMBOURVILLE USPI,SEINE MARITIME,76480,DUCLAIR,2,1,56,51,0,0,Oui
18760639,ROUMARE TENNIS CLUB ,SEINE MARITIME,76480,ROUMARE,1,1,124,129,14,12,Oui
18760416,SAINT PIERRE DE VARENGEVILLE TC,SEINE MARITIME,76480,ST PIERRE DE VARENGEVILLE,2,2,137,116,8,7,Oui
18760446,YAINVILLE TENNIS CLUB ,SEINE MARITIME,76480,YAINVILLE,2,2,130,126,13,12,Oui
18760138,CAUDEBEC EN CAUX TC,SEINE MARITIME,76490,CAUDEBEC EN CAUX,2,1,89,117,7,10,Oui
18760565,ELBEUF AL BUQUET ,SEINE MARITIME,76500,ELBEUF,1,2,64,70,6,6,Oui
18760516,SAINT NICOLAS D ALIERMONT CEPSNA,SEINE MARITIME,76510,ST NICOLAS D'ALIERMONT,2,1,97,133,10,11,Oui
18760585,BOOS US  ,SEINE MARITIME,76520,BOOS,1,2,107,114,5,1,Oui
18760269,FRANQUEVILLE SAINT PIERRE ,SEINE MARITIME,76520,FRANQUEVILLE ST PIERRE,1,2,277,298,15,15,Oui
18760644,LES AUTHIEUX TC ,SEINE MARITIME,76520,LES AUTHIEUX,1,1,99,143,6,8,Oui
18760584,YMARE AS ,SEINE MARITIME,76520,YMARE,3,1,271,312,15,15,Oui
18760107,GRAND COURONNE TC ,SEINE MARITIME,76530,GRAND COURONNE,4,1,160,151,15,19,Oui
18760665,LA BOUILLE TC,SEINE MARITIME,76530,LA BOUILLE,1,1,27,29,0,0,Oui
18760770,MOULINEAUX AS,SEINE MARITIME,76530,MOULINEAUX,2,0,25,28,4,4,Non
18760100,LES PETITES DALLES,SEINE MARITIME,76540,LES PETITES DALLES,7,0,17,61,0,0,Oui
18760358,VALMONT TC DE LA VALLEE ,SEINE MARITIME,76540,VALMONT,2,1,82,103,10,11,Oui
18760378,OFFRANVILLE TC,SEINE MARITIME,76550,OFFRANVILLE,2,1,32,32,2,1,Oui
18760754,DIEPPE TENNIS ,SEINE MARITIME,76550,SAINT AUBIN SUR SCIE,3,3,318,360,14,14,Oui
18760267,DOUDEVILLE TC,SEINE MARITIME,76560,DOUDEVILLE,2,0,44,49,0,0,Oui
18760120,PAVILLY BARENTIN TC ,SEINE MARITIME,76570,PAVILLY,2,3,265,256,22,21,Oui
18760131,LE TRAIT TC,SEINE MARITIME,76580,LE TRAIT,2,0,21,24,0,0,Oui
18760179,LE HAVRE TC MUNICIPAL ,SEINE MARITIME,76610,LE HAVRE,6,8,318,334,22,17,Oui
18760207,GONFREVILLE L'ORCHER AS TOTAL PETROCHEMICALS ,SEINE MARITIME,76610,LE HAVRE,0,2,42,42,16,16,Oui
18760111,LE HAVRE AC ,SEINE MARITIME,76620,LE HAVRE,7,5,715,777,33,32,Oui
18760112,LE HAVRE TC ,SEINE MARITIME,76620,LE HAVRE,4,2,142,173,7,5,Oui
18760159,LE HAVRE'S SPORT TENNIS ,SEINE MARITIME,76620,LE HAVRE,2,2,123,122,10,10,Oui
18760327,LE HAVRE CSSM ,SEINE MARITIME,76620,LE HAVRE,2,1,192,153,5,5,Oui
18760331,LE HAVRE PAUL ELUARD,SEINE MARITIME,76620,LE HAVRE,0,1,8,11,0,0,Non
18760201,ENVERMEU TC ,SEINE MARITIME,76630,ENVERMEU,2,1,54,53,8,8,Oui
18760297,FAUVILLE EN CAUX TC,SEINE MARITIME,76640,FAUVILLE EN CAUX,2,0,53,67,3,3,Oui
18760121,PETIT COURONNE AA  ,SEINE MARITIME,76650,PETIT COURONNE,4,3,131,129,34,34,Oui
18760155,ROUEN ADM.FINANCIERES,SEINE MARITIME,76650,PETIT COURONNE,0,0,1,1,3,3,Oui
18760330,LONDINIERES TC ,SEINE MARITIME,76660,LONDINIERES,2,2,69,72,8,8,Oui
18760457,SAINT SAENS VARENNE TC,SEINE MARITIME,76680,SAINT SAENS,2,1,71,36,3,4,Oui
18760635,CLERES TC,SEINE MARITIME,76690,CLERES,2,0,56,51,6,5,Oui
18760110,GONFREVILLE L ORCHER TOTAL,SEINE MARITIME,76700,GONFREVILLE L'ORCHER,2,1,2,3,1,1,Oui
18760502,GONFREVILLE L ORCHER ESM ,SEINE MARITIME,76700,GONFREVILLE L'ORCHER,2,2,155,173,14,15,Oui
18760115,HARFLEUR TC ,SEINE MARITIME,76700,HARFLEUR,4,3,351,385,34,34,Oui
18760601,HARFLEUR NORMAND AIRCELLE,SEINE MARITIME,76700,HARFLEUR,2,1,15,9,4,2,Non
18760744,BOSC GUERARD TC ,SEINE MARITIME,76710,BOSC GUERARD ST ADRIEN,2,1,83,70,6,2,Oui
18760116,MONTVILLE TC,SEINE MARITIME,76710,MONTVILLE,2,0,78,72,7,6,Oui
18760431,AUFFAY TC ,SEINE MARITIME,76720,AUFFAY,3,1,185,200,22,22,Oui
18760566,BACQUEVILLE TC,SEINE MARITIME,76730,BACQUEVILLE EN CAUX,2,1,106,105,12,11,Oui
18760751,FONTAINE LE DUN C.O. - TENNIS,SEINE MARITIME,76740,FONTAINE LE DUN,1,1,9,13,0,0,Oui
18760773,BUCHY TC,SEINE MARITIME,76750,BUCHY,1,0,40,50,2,4,Non
18760399,YERVILLE TC,SEINE MARITIME,76760,YERVILLE,2,0,130,129,18,19,Oui
18760262,HOUPPEVILLE TC,SEINE MARITIME,76770,HOUPPEVILLE,2,1,58,82,3,4,Oui
18760172,LE HOULME TC  ,SEINE MARITIME,76770,LE HOULME,2,3,256,257,27,27,Oui
18760114,MALAUNAY TC,SEINE MARITIME,76770,MALAUNAY,1,2,122,127,13,14,Oui
18760781,ETRETAT TC,SEINE MARITIME,76790,ETRETAT,8,1,129,139,7,7,Oui
18760648,LES LOGES TC ,SEINE MARITIME,76790,LES LOGES,1,1,11,12,5,4,Non
18760302,SAINT ETIENNE DU ROUVRAY CTSER ,SEINE MARITIME,76800,ST ETIENNE DU ROUVRAY,6,4,310,366,28,28,Oui
18760471,LUNERAY TCR,SEINE MARITIME,76810,LUNERAY,2,0,57,60,4,4,Oui
18760553,HENOUVILLE TC,SEINE MARITIME,76840,HENOUVILLE,1,1,4,14,1,2,Oui
18760406,BOSC LE HARD ASCP,SEINE MARITIME,76850,BOSC LE HARD,2,1,39,53,2,1,Oui
18760092,EN ATTENTE,SEINE MARITIME,76880,ARQUES LA BATAILLE,0,0,0,0,0,1,Non
18760483,TOTES TC,SEINE MARITIME,76890,TOTES,2,0,10,11,0,0,Non
18760476,CRIEL TCM,SEINE MARITIME,76910,CRIEL SUR MER,2,2,107,105,13,11,Oui
18760444,AMFREVILLE LA MI VOIE,SEINE MARITIME,76920,AMFREVILLE LA MI-VOIE,1,1,63,51,5,5,Oui
18760575,OCTEVILLE SUR MER TC ,SEINE MARITIME,76930,OCTEVILLE SUR MER,1,2,199,189,14,13,Oui
18760683,LA MAILLERAYE SUR SEINE TC,SEINE MARITIME,76940,LA MAILLERAYE SUR SEINE,3,0,41,69,4,4,Oui
18760574,LES GRANDES VENTES TC,SEINE MARITIME,76950,LES GRANDES VENTES,1,1,52,49,2,3,Oui
18760348,NOTRE DAME DE BONDEVILLE BTC,SEINE MARITIME,76960,NOTRE DAME DE BONDEVILLE,1,2,172,189,16,17,Oui
18760779,VEULES LES ROSES SC,SEINE MARITIME,76980,VEULES-LES-ROSES,5,0,46,148,0,0,Oui
