ClubID,Name,Ligue,Zip,City,Outdoor,Indoor,Players,Players-1AN,Teams,Teams-1AN,School?
32920072,TOTAL (TC),Comité de la LIGUE HAUTS DE SEINE,78380,BOUGIVAL,7,0,15,12,4,4,Oui
32920028,HAUTS DE SEINE (ASTC),Comité de la LIGUE HAUTS DE SEINE,92000,NANTERRE,0,12,118,202,0,0,Oui
32920048,NANTERRE (ES),Comité de la LIGUE HAUTS DE SEINE,92000,NANTERRE,7,2,985,959,17,17,Oui
32920064,FOREST HILL (CITY FORM),Comité de la LIGUE HAUTS DE SEINE,92000,NANTERRE,0,8,110,154,0,0,Oui
32920036,BOULOGNE BILLANCOURT (TC),Comité de la LIGUE HAUTS DE SEINE,92100,BOULOGNE BILLANCOURT,21,6,3141,3270,28,29,Oui
32920037,CEE 92 (AS),Comité de la LIGUE HAUTS DE SEINE,92100,BOULOGNE BILLANCOURT,6,0,18,25,1,3,Oui
32920066,CLICHY (CS),Comité de la LIGUE HAUTS DE SEINE,92110,CLICHY,3,6,788,881,14,14,Oui
32920001,MONTROUGE (SMTC),Comité de la LIGUE HAUTS DE SEINE,92120,MONTROUGE,5,3,838,830,17,14,Oui
32920169,MONTROUGE (CA),Comité de la LIGUE HAUTS DE SEINE,92120,MONTROUGE,6,11,1114,1236,21,23,Oui
32920018,ISSY-LES-M. BEAUVOIR (TC),Comité de la LIGUE HAUTS DE SEINE,92130,ISSY LES MOULINEAUX,3,6,1325,1355,17,17,Oui
32920065,CLAMART (TC),Comité de la LIGUE HAUTS DE SEINE,92140,CLAMART,8,5,1064,1125,21,20,Oui
32920030,MONT VALERIEN (TC),Comité de la LIGUE HAUTS DE SEINE,92150,SURESNES,3,2,526,501,7,6,Oui
32920015,ANTONY (TC),Comité de la LIGUE HAUTS DE SEINE,92160,ANTONY,12,7,1011,1048,21,17,Oui
32920133,LA FONTAINE (TC),Comité de la LIGUE HAUTS DE SEINE,92160,ANTONY,4,0,259,211,8,9,Oui
32920258,STADE DE VANVES,Comité de la LIGUE HAUTS DE SEINE,92170,VANVES,7,2,481,566,15,16,Oui
32920158,MEUDONNAISE (AS),Comité de la LIGUE HAUTS DE SEINE,92190,MEUDON,11,12,1480,1508,21,19,Oui
32920173,NEUILLY ST JAMES (TC),Comité de la LIGUE HAUTS DE SEINE,92200,NEUILLY SUR SEINE,7,2,571,629,8,9,Oui
32920174,NEUILLY (AT),Comité de la LIGUE HAUTS DE SEINE,92200,NEUILLY SUR SEINE,13,3,1245,1412,20,25,Oui
32920046,SAINT CLOUD (UAS),Comité de la LIGUE HAUTS DE SEINE,92210,ST CLOUD,11,1,1015,1044,2,2,Oui
32920502,DASSAULT SPORTS TENNIS CLUB,Comité de la LIGUE HAUTS DE SEINE,92210,ST CLOUD,0,0,85,69,4,0,Non
32920020,BAGNEUX (COM),Comité de la LIGUE HAUTS DE SEINE,92220,BAGNEUX,3,8,621,672,20,22,Oui
32920005,ASC AIR TENNIS,Comité de la LIGUE HAUTS DE SEINE,92221,BAGNEUX CEDEX,1,3,36,43,5,4,Non
32920017,GENNEVILLOIS (TC),Comité de la LIGUE HAUTS DE SEINE,92230,GENNEVILLIERS,6,4,770,759,16,15,Oui
32920026,MALAKOFF (USM),Comité de la LIGUE HAUTS DE SEINE,92240,MALAKOFF,7,2,672,713,14,17,Oui
32920052,GARENNOIS (TC),Comité de la LIGUE HAUTS DE SEINE,92250,LA GARENNE COLOMBES,2,2,514,481,9,9,Oui
32920057,CHEMINOTS DE L'OUEST (AS),Comité de la LIGUE HAUTS DE SEINE,92250,LA GARENNE COLOMBES,6,0,305,349,6,6,Oui
32920500,PASSING SPORT,Comité de la LIGUE HAUTS DE SEINE,92250,LA GARENNE COLOMBES,3,1,151,203,3,0,Oui
32920104,FONTENAISIENNE (AS),Comité de la LIGUE HAUTS DE SEINE,92260,FONTENAY AUX ROSES,7,2,708,781,11,11,Oui
32920032,BOIS COLOMBES (SC),Comité de la LIGUE HAUTS DE SEINE,92270,BOIS COLOMBES,1,0,0,75,0,0,Non
32920078,PEUPLIERS (TC),Comité de la LIGUE HAUTS DE SEINE,92270,BOIS COLOMBES,2,0,66,52,0,0,Non
32920497,BOIS-COLOMBES SPORTS,Comité de la LIGUE HAUTS DE SEINE,92270,BOIS COLOMBES,4,0,114,108,0,0,Oui
32920034,CENTRALE PARIS (TC),Comité de la LIGUE HAUTS DE SEINE,92290,CHATENAY MALABRY,3,0,0,19,0,0,Non
32920286,CHATENAY-MALABRY TENNIS,Comité de la LIGUE HAUTS DE SEINE,92290,CHATENAY MALABRY,5,5,687,616,16,17,Oui
32920053,LEVALLOIS SPORTING CLUB TENNIS,Comité de la LIGUE HAUTS DE SEINE,92300,LEVALLOIS PERRET,4,6,2187,2483,14,16,Oui
32920054,SEVRES (TC),Comité de la LIGUE HAUTS DE SEINE,92310,SEVRES,3,3,640,704,14,12,Oui
32920008,ARSENAL (TC),Comité de la LIGUE HAUTS DE SEINE,92320,CHATILLON,3,4,285,297,12,9,Oui
32920043,MBDA Sport Tennis,Comité de la LIGUE HAUTS DE SEINE,92320,CHATILLON,0,2,63,67,9,11,Non
32920051,CHATILLONNAIS (TCM),Comité de la LIGUE HAUTS DE SEINE,92320,CHATILLON,5,2,472,509,16,15,Oui
32920071,BERANGER (TC),Comité de la LIGUE HAUTS DE SEINE,92320,CHATILLON,0,2,359,329,0,0,Oui
32920233,SCEAUX (TC),Comité de la LIGUE HAUTS DE SEINE,92330,SCEAUX,8,2,863,949,14,14,Oui
32920002,BOURG LA REINE (AS),Comité de la LIGUE HAUTS DE SEINE,92340,BOURG LA REINE,3,5,752,772,16,15,Oui
32920333,PLESSIS ROBINSON (TC),Comité de la LIGUE HAUTS DE SEINE,92350,LE PLESSIS ROBINSON,4,6,843,854,14,13,Oui
32920014,FOREST HILL (TC MEUDON),Comité de la LIGUE HAUTS DE SEINE,92360,MEUDON LA FORET,27,10,63,56,0,0,Oui
32920024,STANDARD ATHLETIC CLUB,Comité de la LIGUE HAUTS DE SEINE,92360,MEUDON LA FORET,8,0,149,520,7,7,Oui
32920077,RENAULT (ES),Comité de la LIGUE HAUTS DE SEINE,92360,MEUDON LA FORET,6,2,141,161,7,9,Oui
32920428,CHAVILLE (CT),Comité de la LIGUE HAUTS DE SEINE,92370,CHAVILLE,1,5,706,822,12,17,Oui
32920419,GARCHES TENNIS CLUB,Comité de la LIGUE HAUTS DE SEINE,92380,GARCHES,2,3,853,862,17,17,Oui
32920274,VILLENEUVE-LA-GARENNE (AMICALE),Comité de la LIGUE HAUTS DE SEINE,92390,VILLENEUVE LA GARENNE,6,2,323,299,11,11,Oui
32920076,COURBEVOIE ST,Comité de la LIGUE HAUTS DE SEINE,92400,COURBEVOIE,9,7,1542,1510,26,23,Oui
32920068,VILLE D'AVRAY (US),Comité de la LIGUE HAUTS DE SEINE,92410,VILLE D AVRAY,2,0,309,262,0,1,Oui
32920493,VAUCRESSON (TC),Comité de la LIGUE HAUTS DE SEINE,92420,VAUCRESSON,1,5,552,592,17,17,Oui
32920498,GOLF ET TENNIS DES HARAS DE JARDY (AS),Comité de la LIGUE HAUTS DE SEINE,92420,VAUCRESSON,16,4,983,957,10,9,Oui
32920038,RUEIL (TC),Comité de la LIGUE HAUTS DE SEINE,92500,RUEIL MALMAISON,3,2,828,897,3,3,Oui
32920047,FRUIT DEFENDU (ASTC),Comité de la LIGUE HAUTS DE SEINE,92500,RUEIL MALMAISON,3,4,109,151,1,2,Oui
32920049,LA CHATAIGNERAIE (TC),Comité de la LIGUE HAUTS DE SEINE,92500,RUEIL MALMAISON,0,10,102,100,0,0,Oui
32920050,SURESNES (TC),Comité de la LIGUE HAUTS DE SEINE,92500,RUEIL MALMAISON,2,3,620,643,6,7,Oui
32920094,ESSO SPORTS,Comité de la LIGUE HAUTS DE SEINE,92500,RUEIL MALMAISON,8,1,190,245,12,15,Oui
32920211,RUEIL ATHLETIC CLUB,Comité de la LIGUE HAUTS DE SEINE,92500,RUEIL MALMAISON,5,5,845,945,17,19,Oui
32920191,AZUR TENNIS CLUB D'ASNIERES,Comité de la LIGUE HAUTS DE SEINE,92600,ASNIERES SUR SEINE,6,4,1117,1057,18,17,Oui
32920393,MENIL (TC DU),Comité de la LIGUE HAUTS DE SEINE,92600,ASNIERES SUR SEINE,5,3,991,996,16,14,Oui
32920496,COLOMBES (TC),Comité de la LIGUE HAUTS DE SEINE,92700,COLOMBES,6,5,892,821,14,14,Oui
32920499,AMIOT (TC),Comité de la LIGUE HAUTS DE SEINE,92700,COLOMBES,7,5,711,821,13,14,Oui
32920202,PUTEAUX (CSM),Comité de la LIGUE HAUTS DE SEINE,92800,PUTEAUX,11,5,715,835,15,14,Oui
